{"valueType":"relations","values":[[{"_typeName":"Location","id":"ck5v1l0sqldpf0935nduf88rp"},{"_typeName":"Group","id":"ck5v1l0spldpe0935nu8oz92p","fieldName":"location"}],[{"_typeName":"Location","id":"ck5v1l0syldpl0935pw5i1rex"},{"_typeName":"Group","id":"ck5v1l0sxldpk09354zxgwa54","fieldName":"location"}],[{"_typeName":"Location","id":"ck5v1l0t4ldpp0935dq64dkmp"},{"_typeName":"Group","id":"ck5v1l0t3ldpo0935daow1j98","fieldName":"location"}],[{"_typeName":"Location","id":"ck5v1l0tcldpw0935p0vqytjt"},{"_typeName":"Group","id":"ck5v1l0tbldpv0935v8mufvk5","fieldName":"location"}],[{"_typeName":"Location","id":"ck5v1l0tgldpz09353etqcuh4"},{"_typeName":"Group","id":"ck5v1l0tfldpy0935l3dwum38","fieldName":"location"}],[{"_typeName":"Location","id":"ck5v1l0tmldq40935q2tdr6ty"},{"_typeName":"Group","id":"ck5v1l0tlldq30935hx88kfof","fieldName":"location"}],[{"_typeName":"Location","id":"ck5v1l0tqldq709355y5fyymu"},{"_typeName":"Group","id":"ck5v1l0tpldq60935xej1twjd","fieldName":"location"}],[{"_typeName":"Location","id":"ck5v1l0u0ldqg0935ebqw6jg6"},{"_typeName":"Group","id":"ck5v1l0tzldqf0935h8xu250c","fieldName":"location"}],[{"_typeName":"Location","id":"ck5v1l0u6ldqm0935lcrnx9l7"},{"_typeName":"Group","id":"ck5v1l0u5ldql0935onl7v1ru","fieldName":"location"}],[{"_typeName":"Location","id":"ck5v1l0ubldqq0935957fx5dg"},{"_typeName":"Group","id":"ck5v1l0ualdqp09358h24f8bd","fieldName":"location"}],[{"_typeName":"Location","id":"ck5v1l0ufldqt0935rk1s0cfs"},{"_typeName":"Group","id":"ck5v1l0ueldqs0935xdosoeav","fieldName":"location"}],[{"_typeName":"Location","id":"ck5v1l0ukldqx0935c2k0yffc"},{"_typeName":"Group","id":"ck5v1l0ujldqw0935a56nmyel","fieldName":"location"}],[{"_typeName":"Location","id":"ck5v1l0upldr00935jwldfu8s"},{"_typeName":"Group","id":"ck5v1l0uoldqz09354gsgklaz","fieldName":"location"}],[{"_typeName":"Location","id":"ck5v1l0uyldr90935whh96auv"},{"_typeName":"Group","id":"ck5v1l0uxldr80935op93zp3q","fieldName":"location"}],[{"_typeName":"Location","id":"ck5v1l0v3ldrd0935rkejgzkx"},{"_typeName":"Group","id":"ck5v1l0v2ldrc0935colc93up","fieldName":"location"}],[{"_typeName":"Location","id":"ck5v1l0v7ldrg09353g2nt9yb"},{"_typeName":"Group","id":"ck5v1l0v6ldrf0935zfmhoo99","fieldName":"location"}],[{"_typeName":"Location","id":"ck5v1l0vbldrj0935fgu0ivn4"},{"_typeName":"Group","id":"ck5v1l0valdri09350dvh8lyk","fieldName":"location"}],[{"_typeName":"Location","id":"ck5v1l0vgldrn0935gpngf7o9"},{"_typeName":"Group","id":"ck5v1l0vfldrm093582ge9q3l","fieldName":"location"}],[{"_typeName":"Location","id":"ck5v1l0vkldrq0935rtqv0m74"},{"_typeName":"Group","id":"ck5v1l0vjldrp0935stau81to","fieldName":"location"}],[{"_typeName":"Location","id":"ck5v1l0voldrt0935xlw3cfda"},{"_typeName":"Group","id":"ck5v1l0vnldrs0935b83swgjv","fieldName":"location"}],[{"_typeName":"Location","id":"ck5v1l0vtldry0935zwg9o8m2"},{"_typeName":"Group","id":"ck5v1l0vsldrx0935y705ojrd","fieldName":"location"}],[{"_typeName":"Location","id":"ck5v1l0w0lds50935p3xr7v22"},{"_typeName":"Group","id":"ck5v1l0vzlds40935cxdd1swu","fieldName":"location"}],[{"_typeName":"Location","id":"ck5v1l0w7ldsc0935g4lasca6"},{"_typeName":"Group","id":"ck5v1l0w6ldsb0935oowg3omz","fieldName":"location"}],[{"_typeName":"Location","id":"ck5v1l0wkldsr0935ueqd1kue"},{"_typeName":"Group","id":"ck5v1l0wjldsq09355rlhtgtx","fieldName":"location"}],[{"_typeName":"Location","id":"ck5v1l0wqldsx0935ysb2tip3"},{"_typeName":"Group","id":"ck5v1l0wpldsw0935w6dj5kcu","fieldName":"location"}],[{"_typeName":"Location","id":"ck5v1l0x0ldt7093582dufcn4"},{"_typeName":"Group","id":"ck5v1l0wzldt60935t2l1d2nu","fieldName":"location"}],[{"_typeName":"Location","id":"ck5v1l0x9ldtg0935fdhg9top"},{"_typeName":"Group","id":"ck5v1l0x8ldtf0935tw937ia7","fieldName":"location"}],[{"_typeName":"Location","id":"ck66jsqwfcagd0901wo0jrddk"},{"_typeName":"Group","id":"ck66jsqwecagc0901opmmvd54","fieldName":"location"}],[{"_typeName":"Location","id":"ck66jsqwkcagj0901y6ox8x4i"},{"_typeName":"Group","id":"ck66jsqwjcagi0901xp7843zl","fieldName":"location"}],[{"_typeName":"Location","id":"ck66jsqwmcagn0901ndz6zf7j"},{"_typeName":"Group","id":"ck66jsqwmcagm09017micyzs9","fieldName":"location"}],[{"_typeName":"Location","id":"ck66jsqwpcagr09017oby4lfj"},{"_typeName":"Group","id":"ck66jsqwocagq0901coxwlxht","fieldName":"location"}],[{"_typeName":"Location","id":"ck66jsqwvcah00901i9kn75sq"},{"_typeName":"Group","id":"ck66jsqwucagz0901dsegyxa6","fieldName":"location"}],[{"_typeName":"Location","id":"ck66jsqwxcah30901c6t48cgi"},{"_typeName":"Group","id":"ck66jsqwwcah20901j1u6zt3l","fieldName":"location"}],[{"_typeName":"Location","id":"ck66jsqx1cah8090123o13ob2"},{"_typeName":"Group","id":"ck66jsqx0cah70901npt5w46j","fieldName":"location"}],[{"_typeName":"Location","id":"ck66jsqx3cahc0901c0ayhzha"},{"_typeName":"Group","id":"ck66jsqx3cahb0901rsvh6xp1","fieldName":"location"}],[{"_typeName":"Location","id":"ck66jsqx7cahh0901o8cnp0or"},{"_typeName":"Group","id":"ck66jsqx6cahg0901687ykdj7","fieldName":"location"}],[{"_typeName":"Location","id":"ck66jsqxacahl0901etedo6tq"},{"_typeName":"Group","id":"ck66jsqx9cahk09013qefznrf","fieldName":"location"}],[{"_typeName":"Location","id":"ck66jsqxccaho09017mhmkpbg"},{"_typeName":"Group","id":"ck66jsqxbcahn0901jt6y1r1s","fieldName":"location"}],[{"_typeName":"Location","id":"ck66jsqxecahr0901mvkptgbz"},{"_typeName":"Group","id":"ck66jsqxecahq090118ncs4a6","fieldName":"location"}],[{"_typeName":"Location","id":"ck66jsqxgcahu0901y8tv3on2"},{"_typeName":"Group","id":"ck66jsqxgcaht090180nrlo0v","fieldName":"location"}],[{"_typeName":"Location","id":"ck66jsqxicahx0901a23p1zkl"},{"_typeName":"Group","id":"ck66jsqxicahw0901qfhxo5ek","fieldName":"location"}],[{"_typeName":"Location","id":"ck66jsqxkcai00901lxdn0lor"},{"_typeName":"Group","id":"ck66jsqxkcahz0901gwwsv76k","fieldName":"location"}],[{"_typeName":"Location","id":"ck66jsqxocai50901x8m75pdp"},{"_typeName":"Group","id":"ck66jsqxncai40901kh1p39cm","fieldName":"location"}],[{"_typeName":"Location","id":"ck66jsqxqcai909016r4l4umq"},{"_typeName":"Group","id":"ck66jsqxqcai80901jpbds999","fieldName":"location"}],[{"_typeName":"Location","id":"ck66jsqxscaic0901ei16gg9e"},{"_typeName":"Group","id":"ck66jsqxscaib0901oskoi5gw","fieldName":"location"}],[{"_typeName":"Location","id":"ck66jsqxucaif090175mviu9z"},{"_typeName":"Group","id":"ck66jsqxucaie0901kebni6kq","fieldName":"location"}],[{"_typeName":"Location","id":"ck66jsqxwcaii09016ifq1jru"},{"_typeName":"Group","id":"ck66jsqxwcaih0901q8eabib3","fieldName":"location"}],[{"_typeName":"Location","id":"ck66jsqxzcain0901vz7nypkj"},{"_typeName":"Group","id":"ck66jsqxzcaim0901y12pqb1a","fieldName":"location"}],[{"_typeName":"Location","id":"ck66jsqy1caip09017n9m6kne"},{"_typeName":"Group","id":"ck66jsqy0caio0901d4x14d74","fieldName":"location"}],[{"_typeName":"Location","id":"ck66jsqy3cais0901aegffw6c"},{"_typeName":"Group","id":"ck66jsqy2cair0901xmviojlq","fieldName":"location"}],[{"_typeName":"Location","id":"ck66jsqy5caiv0901wn8ket7y"},{"_typeName":"Group","id":"ck66jsqy4caiu09013fkj05kw","fieldName":"location"}],[{"_typeName":"Location","id":"ck66jsqy7caiy0901thgakfbt"},{"_typeName":"Group","id":"ck66jsqy7caix0901zfscw6xw","fieldName":"location"}],[{"_typeName":"Location","id":"ck66jsqyacaj10901jnkguxpu"},{"_typeName":"Group","id":"ck66jsqy9caj00901laed5e1u","fieldName":"location"}],[{"_typeName":"Location","id":"ck66jsqybcaj40901ut0haovi"},{"_typeName":"Group","id":"ck66jsqybcaj309014yrax7tu","fieldName":"location"}],[{"_typeName":"Location","id":"ck66jsqyecaj90901o7jabyo0"},{"_typeName":"Group","id":"ck66jsqyecaj809017kly7wrw","fieldName":"location"}],[{"_typeName":"Location","id":"ck66jsqyhcajd0901qnmxs9og"},{"_typeName":"Group","id":"ck66jsqyhcajc0901t61xprtd","fieldName":"location"}],[{"_typeName":"Location","id":"ck66jsqykcajh0901b0z474wn"},{"_typeName":"Group","id":"ck66jsqykcajg09015o68tmjs","fieldName":"location"}],[{"_typeName":"Location","id":"ck66jsqyncajn09015wb1fvgg"},{"_typeName":"Group","id":"ck66jsqyncajm09017343sf4g","fieldName":"location"}],[{"_typeName":"Location","id":"ck66jsqyrcajs0901hth0j94a"},{"_typeName":"Group","id":"ck66jsqyqcajr0901s8tfj0e9","fieldName":"location"}],[{"_typeName":"Location","id":"ck66jsqytcajv0901cgkk0ict"},{"_typeName":"Group","id":"ck66jsqytcaju0901ovys0yhu","fieldName":"location"}],[{"_typeName":"Location","id":"ck66jsqyvcajz0901g3afaqs0"},{"_typeName":"Group","id":"ck66jsqyvcajy0901zenxu266","fieldName":"location"}],[{"_typeName":"Location","id":"ck66jsqyycak309019uvsk0d5"},{"_typeName":"Group","id":"ck66jsqyxcak209014bffdw5e","fieldName":"location"}],[{"_typeName":"Location","id":"ck66jsqz0cak809019rnhbhr8"},{"_typeName":"Group","id":"ck66jsqz0cak70901ajiwd8gr","fieldName":"location"}],[{"_typeName":"Location","id":"ck66jsqz3cakc090148edxj08"},{"_typeName":"Group","id":"ck66jsqz2cakb0901g4zqvspq","fieldName":"location"}],[{"_typeName":"Location","id":"ck66jsqz5cakg0901pvtht14p"},{"_typeName":"Group","id":"ck66jsqz5cakf0901zc26eo9b","fieldName":"location"}],[{"_typeName":"Location","id":"ck66jsqz8cakk0901zb7r1r2q"},{"_typeName":"Group","id":"ck66jsqz7cakj09018esak3v2","fieldName":"location"}],[{"_typeName":"Location","id":"ck66jsqzacako0901n5mw5jtd"},{"_typeName":"Group","id":"ck66jsqzacakn09011mh7e07q","fieldName":"location"}],[{"_typeName":"Location","id":"ck66jsqzdcakt09013trd8nl2"},{"_typeName":"Group","id":"ck66jsqzdcaks0901b6ihgn1i","fieldName":"location"}],[{"_typeName":"Location","id":"ck66jsqzfcakw0901wjg0psmh"},{"_typeName":"Group","id":"ck66jsqzfcakv0901xsgqd9ax","fieldName":"location"}],[{"_typeName":"Location","id":"ck66jsqzical00901pkxp6z5y"},{"_typeName":"Group","id":"ck66jsqzhcakz090163cq1kvi","fieldName":"location"}],[{"_typeName":"Location","id":"ck66jsqzkcal40901ghwr3tyi"},{"_typeName":"Group","id":"ck66jsqzkcal30901jp6t9fvq","fieldName":"location"}],[{"_typeName":"Location","id":"ck66jsqzncal90901x7wpkbqn"},{"_typeName":"Group","id":"ck66jsqzncal8090135sw8inv","fieldName":"location"}],[{"_typeName":"Location","id":"ck66jsqzqcald0901vwvabq5g"},{"_typeName":"Group","id":"ck66jsqzpcalc09015h1x0b06","fieldName":"location"}],[{"_typeName":"Location","id":"ck66jsqzscalf09019uhhltln"},{"_typeName":"Group","id":"ck66jsqzrcale0901uw2tw9nx","fieldName":"location"}],[{"_typeName":"Location","id":"ck66jsqzucalj0901udckc0db"},{"_typeName":"Group","id":"ck66jsqzucali0901nqnl1cyf","fieldName":"location"}],[{"_typeName":"Location","id":"ck66jsqzycaln0901iae6yzvz"},{"_typeName":"Group","id":"ck66jsqzxcalm0901k77vds7a","fieldName":"location"}],[{"_typeName":"Location","id":"ck66jsr01calr0901ez96gjja"},{"_typeName":"Group","id":"ck66jsr00calq0901qppr7z46","fieldName":"location"}],[{"_typeName":"Location","id":"ck66jsr04calw0901yk5wi3uw"},{"_typeName":"Group","id":"ck66jsr03calv0901nuli9klb","fieldName":"location"}],[{"_typeName":"Location","id":"ck66jsr07cam009010bpx6zyl"},{"_typeName":"Group","id":"ck66jsr06calz0901oprvv5bw","fieldName":"location"}],[{"_typeName":"Location","id":"ck66jsr09cam30901zoqi1tcv"},{"_typeName":"Group","id":"ck66jsr09cam20901o2qe3r26","fieldName":"location"}],[{"_typeName":"Location","id":"ck66jsr0bcam60901b94k6fbe"},{"_typeName":"Group","id":"ck66jsr0bcam50901dlw7j8o2","fieldName":"location"}],[{"_typeName":"Location","id":"ck66jsr0ecamb0901hckk59tt"},{"_typeName":"Group","id":"ck66jsr0ecama0901cow0c1au","fieldName":"location"}],[{"_typeName":"Location","id":"ck66jsr0gcame09011vejpqjx"},{"_typeName":"Group","id":"ck66jsr0gcamd0901i9eqatpc","fieldName":"location"}],[{"_typeName":"Location","id":"ck66jsr0jcami09016c4s7auc"},{"_typeName":"Group","id":"ck66jsr0icamh0901qytfnm10","fieldName":"location"}],[{"_typeName":"Location","id":"ck66jsr0mcamn09015j224wws"},{"_typeName":"Group","id":"ck66jsr0lcamm0901ajxe31wl","fieldName":"location"}],[{"_typeName":"Location","id":"ck66jsr0pcams0901po476wyw"},{"_typeName":"Group","id":"ck66jsr0pcamr09019hplefsm","fieldName":"location"}],[{"_typeName":"Location","id":"ck66jsr0rcamv0901bm1r4dgt"},{"_typeName":"Group","id":"ck66jsr0rcamu0901kplmzhxb","fieldName":"location"}],[{"_typeName":"Location","id":"ck66jsr0ucan10901ud2vzlep"},{"_typeName":"Group","id":"ck66jsr0ucamy0901zuizr7sx","fieldName":"location"}],[{"_typeName":"Location","id":"ck66jsr0xcan50901n1ef6wzc"},{"_typeName":"Group","id":"ck66jsr0wcan40901aw1y71dm","fieldName":"location"}],[{"_typeName":"Location","id":"ck66jsr15cana0901df81p3sp"},{"_typeName":"Group","id":"ck66jsr15can909018qiej4pe","fieldName":"location"}],[{"_typeName":"Location","id":"ck66jsr17cand0901wjqiwlh9"},{"_typeName":"Group","id":"ck66jsr17canc0901sbg66yd0","fieldName":"location"}],[{"_typeName":"Location","id":"ck66jsr1bcanh09013ycfkjj4"},{"_typeName":"Group","id":"ck66jsr1acang0901ilcq8opd","fieldName":"location"}],[{"_typeName":"Location","id":"ck66jsr1ecann0901nsj03qvs"},{"_typeName":"Group","id":"ck66jsr1ecanm0901os8ts966","fieldName":"location"}],[{"_typeName":"Location","id":"ck66jsr1hcanr0901snc4a7ds"},{"_typeName":"Group","id":"ck66jsr1gcanq0901e4dfg210","fieldName":"location"}],[{"_typeName":"Location","id":"ck66jsr1kcanw0901cbpvs09h"},{"_typeName":"Group","id":"ck66jsr1kcanv0901xfd2p25g","fieldName":"location"}],[{"_typeName":"Location","id":"ck66jsr1ocao109016ezieamf"},{"_typeName":"Group","id":"ck66jsr1ocao00901bhgztg38","fieldName":"location"}],[{"_typeName":"Location","id":"ck66jsr1scao60901wx5e5q2x"},{"_typeName":"Group","id":"ck66jsr1scao50901i5co68kj","fieldName":"location"}],[{"_typeName":"Location","id":"ck66jsr1ucaoa09019nmgpxj2"},{"_typeName":"Group","id":"ck66jsr1ucao90901wftf6tui","fieldName":"location"}],[{"_typeName":"Location","id":"ck66jsr1xcaod0901du472263"},{"_typeName":"Group","id":"ck66jsr1wcaoc0901c1lj9axd","fieldName":"location"}],[{"_typeName":"Location","id":"ck66jsr1zcaog090115ktrbrq"},{"_typeName":"Group","id":"ck66jsr1zcaof0901aqfbmme5","fieldName":"location"}],[{"_typeName":"Location","id":"ck66jsr24caol0901vszlbid2"},{"_typeName":"Group","id":"ck66jsr23caok0901xm5bh7nl","fieldName":"location"}],[{"_typeName":"Location","id":"ck66jsr27caoo0901quvgdhp7"},{"_typeName":"Group","id":"ck66jsr26caon0901ky0dkf3p","fieldName":"location"}],[{"_typeName":"Location","id":"ck66jsr2acaor09012hy5m6mh"},{"_typeName":"Group","id":"ck66jsr29caoq0901nshhu2ul","fieldName":"location"}],[{"_typeName":"Location","id":"ck66jsr2bcaou0901eiyl38j0"},{"_typeName":"Group","id":"ck66jsr2bcaot0901xm864j5f","fieldName":"location"}],[{"_typeName":"Location","id":"ck66jsr2ecaoy09015rnc21e0"},{"_typeName":"Group","id":"ck66jsr2ecaox0901bvno4e8n","fieldName":"location"}],[{"_typeName":"Location","id":"ck66jsr2qcap709013aiv481d"},{"_typeName":"Group","id":"ck66jsr2ocap609014wlb85fw","fieldName":"location"}],[{"_typeName":"Location","id":"ck66jsr2scapb09019jf5nwf8"},{"_typeName":"Group","id":"ck66jsr2rcapa09017jz3qmfp","fieldName":"location"}],[{"_typeName":"Location","id":"ck66jsr2vcapf0901x9b859x7"},{"_typeName":"Group","id":"ck66jsr2ucape09010chf5zzm","fieldName":"location"}],[{"_typeName":"Location","id":"ck66jsr2ycapi0901u7zeorcj"},{"_typeName":"Group","id":"ck66jsr2xcaph09013fjzda4g","fieldName":"location"}],[{"_typeName":"Location","id":"ck66jsr30capm0901xrgcwqop"},{"_typeName":"Group","id":"ck66jsr30capl0901w0b8d6tv","fieldName":"location"}],[{"_typeName":"Location","id":"ck66jsr33capq09014qvue94w"},{"_typeName":"Group","id":"ck66jsr32capp09011igc46ts","fieldName":"location"}],[{"_typeName":"Location","id":"ck66jsr36capu0901kvge8p09"},{"_typeName":"Group","id":"ck66jsr36capt0901qcfalsz1","fieldName":"location"}],[{"_typeName":"Location","id":"ck66jsr38capx0901iqz3z1x8"},{"_typeName":"Group","id":"ck66jsr38capw0901nzmbk3jv","fieldName":"location"}],[{"_typeName":"Location","id":"ck66jsr3bcaq00901pmb6gdys"},{"_typeName":"Group","id":"ck66jsr3acapz0901g5jjjrba","fieldName":"location"}],[{"_typeName":"Location","id":"ck66jsr3ecaq609014xcx8att"},{"_typeName":"Group","id":"ck66jsr3ecaq5090132wzk5ld","fieldName":"location"}],[{"_typeName":"Location","id":"ck66jsr3icaqa0901zvvrc54w"},{"_typeName":"Group","id":"ck66jsr3hcaq90901ysfw8idn","fieldName":"location"}],[{"_typeName":"Location","id":"ck66jsr3ncaqf09013v9p4bq9"},{"_typeName":"Group","id":"ck66jsr3mcaqe0901xdexj9wj","fieldName":"location"}],[{"_typeName":"Location","id":"ck66jsr3rcaqj0901bdqhtyao"},{"_typeName":"Group","id":"ck66jsr3qcaqi090101ieayqs","fieldName":"location"}],[{"_typeName":"Location","id":"ck66jsr3ucaqm090120xk83di"},{"_typeName":"Group","id":"ck66jsr3tcaql0901xtetionu","fieldName":"location"}],[{"_typeName":"Location","id":"ck66jsr3xcaqr0901znr1zlpj"},{"_typeName":"Group","id":"ck66jsr3wcaqq0901yvhyu4kd","fieldName":"location"}],[{"_typeName":"User","id":"ck5v1ql2blgic0935kwsh99m1","fieldName":"events"},{"_typeName":"Event","id":"ck5v1ql2glgid093582yhj929","fieldName":"author"}],[{"_typeName":"User","id":"ck5zeazzsv0gn0901noviof91","fieldName":"events"},{"_typeName":"Event","id":"ck5zeazzwv0go0901q2vx5z3l","fieldName":"author"}],[{"_typeName":"User","id":"ck5v1l0sqldpf0935nduf88rp","fieldName":"groups"},{"_typeName":"Group","id":"ck5v1l0spldpe0935nu8oz92p","fieldName":"author"}],[{"_typeName":"User","id":"ck5v1l0syldpl0935pw5i1rex","fieldName":"groups"},{"_typeName":"Group","id":"ck5v1l0sxldpk09354zxgwa54","fieldName":"author"}],[{"_typeName":"User","id":"ck5v1l0t4ldpp0935dq64dkmp","fieldName":"groups"},{"_typeName":"Group","id":"ck5v1l0t3ldpo0935daow1j98","fieldName":"author"}],[{"_typeName":"User","id":"ck5v1l0tcldpw0935p0vqytjt","fieldName":"groups"},{"_typeName":"Group","id":"ck5v1l0tbldpv0935v8mufvk5","fieldName":"author"}],[{"_typeName":"User","id":"ck5v1l0tgldpz09353etqcuh4","fieldName":"groups"},{"_typeName":"Group","id":"ck5v1l0tfldpy0935l3dwum38","fieldName":"author"}],[{"_typeName":"User","id":"ck5v1l0tmldq40935q2tdr6ty","fieldName":"groups"},{"_typeName":"Group","id":"ck5v1l0tlldq30935hx88kfof","fieldName":"author"}],[{"_typeName":"User","id":"ck5v1l0tqldq709355y5fyymu","fieldName":"groups"},{"_typeName":"Group","id":"ck5v1l0tpldq60935xej1twjd","fieldName":"author"}],[{"_typeName":"User","id":"ck5v1l0u0ldqg0935ebqw6jg6","fieldName":"groups"},{"_typeName":"Group","id":"ck5v1l0tzldqf0935h8xu250c","fieldName":"author"}],[{"_typeName":"User","id":"ck5v1l0u6ldqm0935lcrnx9l7","fieldName":"groups"},{"_typeName":"Group","id":"ck5v1l0u5ldql0935onl7v1ru","fieldName":"author"}],[{"_typeName":"User","id":"ck5v1l0ubldqq0935957fx5dg","fieldName":"groups"},{"_typeName":"Group","id":"ck5v1l0ualdqp09358h24f8bd","fieldName":"author"}],[{"_typeName":"User","id":"ck5v1l0ufldqt0935rk1s0cfs","fieldName":"groups"},{"_typeName":"Group","id":"ck5v1l0ueldqs0935xdosoeav","fieldName":"author"}],[{"_typeName":"User","id":"ck5v1l0ukldqx0935c2k0yffc","fieldName":"groups"},{"_typeName":"Group","id":"ck5v1l0ujldqw0935a56nmyel","fieldName":"author"}],[{"_typeName":"User","id":"ck5v1l0upldr00935jwldfu8s","fieldName":"groups"},{"_typeName":"Group","id":"ck5v1l0uoldqz09354gsgklaz","fieldName":"author"}],[{"_typeName":"User","id":"ck5v1l0uyldr90935whh96auv","fieldName":"groups"},{"_typeName":"Group","id":"ck5v1l0uxldr80935op93zp3q","fieldName":"author"}],[{"_typeName":"User","id":"ck5v1l0v3ldrd0935rkejgzkx","fieldName":"groups"},{"_typeName":"Group","id":"ck5v1l0v2ldrc0935colc93up","fieldName":"author"}],[{"_typeName":"User","id":"ck5v1l0v7ldrg09353g2nt9yb","fieldName":"groups"},{"_typeName":"Group","id":"ck5v1l0v6ldrf0935zfmhoo99","fieldName":"author"}],[{"_typeName":"User","id":"ck5v1l0vbldrj0935fgu0ivn4","fieldName":"groups"},{"_typeName":"Group","id":"ck5v1l0valdri09350dvh8lyk","fieldName":"author"}],[{"_typeName":"User","id":"ck5v1l0vgldrn0935gpngf7o9","fieldName":"groups"},{"_typeName":"Group","id":"ck5v1l0vfldrm093582ge9q3l","fieldName":"author"}],[{"_typeName":"User","id":"ck5v1l0vkldrq0935rtqv0m74","fieldName":"groups"},{"_typeName":"Group","id":"ck5v1l0vjldrp0935stau81to","fieldName":"author"}],[{"_typeName":"User","id":"ck5v1l0voldrt0935xlw3cfda","fieldName":"groups"},{"_typeName":"Group","id":"ck5v1l0vnldrs0935b83swgjv","fieldName":"author"}],[{"_typeName":"User","id":"ck5v1l0vtldry0935zwg9o8m2","fieldName":"groups"},{"_typeName":"Group","id":"ck5v1l0vsldrx0935y705ojrd","fieldName":"author"}],[{"_typeName":"User","id":"ck5v1l0w0lds50935p3xr7v22","fieldName":"groups"},{"_typeName":"Group","id":"ck5v1l0vzlds40935cxdd1swu","fieldName":"author"}],[{"_typeName":"User","id":"ck5v1l0w7ldsc0935g4lasca6","fieldName":"groups"},{"_typeName":"Group","id":"ck5v1l0w6ldsb0935oowg3omz","fieldName":"author"}],[{"_typeName":"User","id":"ck5v1l0wkldsr0935ueqd1kue","fieldName":"groups"},{"_typeName":"Group","id":"ck5v1l0wjldsq09355rlhtgtx","fieldName":"author"}],[{"_typeName":"User","id":"ck5v1l0wqldsx0935ysb2tip3","fieldName":"groups"},{"_typeName":"Group","id":"ck5v1l0wpldsw0935w6dj5kcu","fieldName":"author"}],[{"_typeName":"User","id":"ck5v1l0x0ldt7093582dufcn4","fieldName":"groups"},{"_typeName":"Group","id":"ck5v1l0wzldt60935t2l1d2nu","fieldName":"author"}],[{"_typeName":"User","id":"ck5v1l0x9ldtg0935fdhg9top","fieldName":"groups"},{"_typeName":"Group","id":"ck5v1l0x8ldtf0935tw937ia7","fieldName":"author"}],[{"_typeName":"User","id":"ck66jsqwfcagd0901wo0jrddk","fieldName":"groups"},{"_typeName":"Group","id":"ck66jsqwecagc0901opmmvd54","fieldName":"author"}],[{"_typeName":"User","id":"ck66jsqwkcagj0901y6ox8x4i","fieldName":"groups"},{"_typeName":"Group","id":"ck66jsqwjcagi0901xp7843zl","fieldName":"author"}],[{"_typeName":"User","id":"ck66jsqwmcagn0901ndz6zf7j","fieldName":"groups"},{"_typeName":"Group","id":"ck66jsqwmcagm09017micyzs9","fieldName":"author"}],[{"_typeName":"User","id":"ck66jsqwpcagr09017oby4lfj","fieldName":"groups"},{"_typeName":"Group","id":"ck66jsqwocagq0901coxwlxht","fieldName":"author"}],[{"_typeName":"User","id":"ck66jsqwvcah00901i9kn75sq","fieldName":"groups"},{"_typeName":"Group","id":"ck66jsqwucagz0901dsegyxa6","fieldName":"author"}],[{"_typeName":"User","id":"ck66jsqwxcah30901c6t48cgi","fieldName":"groups"},{"_typeName":"Group","id":"ck66jsqwwcah20901j1u6zt3l","fieldName":"author"}],[{"_typeName":"User","id":"ck66jsqx1cah8090123o13ob2","fieldName":"groups"},{"_typeName":"Group","id":"ck66jsqx0cah70901npt5w46j","fieldName":"author"}],[{"_typeName":"User","id":"ck66jsqx3cahc0901c0ayhzha","fieldName":"groups"},{"_typeName":"Group","id":"ck66jsqx3cahb0901rsvh6xp1","fieldName":"author"}],[{"_typeName":"User","id":"ck66jsqx7cahh0901o8cnp0or","fieldName":"groups"},{"_typeName":"Group","id":"ck66jsqx6cahg0901687ykdj7","fieldName":"author"}],[{"_typeName":"User","id":"ck66jsqxacahl0901etedo6tq","fieldName":"groups"},{"_typeName":"Group","id":"ck66jsqx9cahk09013qefznrf","fieldName":"author"}],[{"_typeName":"User","id":"ck66jsqxccaho09017mhmkpbg","fieldName":"groups"},{"_typeName":"Group","id":"ck66jsqxbcahn0901jt6y1r1s","fieldName":"author"}],[{"_typeName":"User","id":"ck66jsqxecahr0901mvkptgbz","fieldName":"groups"},{"_typeName":"Group","id":"ck66jsqxecahq090118ncs4a6","fieldName":"author"}],[{"_typeName":"User","id":"ck66jsqxgcahu0901y8tv3on2","fieldName":"groups"},{"_typeName":"Group","id":"ck66jsqxgcaht090180nrlo0v","fieldName":"author"}],[{"_typeName":"User","id":"ck66jsqxicahx0901a23p1zkl","fieldName":"groups"},{"_typeName":"Group","id":"ck66jsqxicahw0901qfhxo5ek","fieldName":"author"}],[{"_typeName":"User","id":"ck66jsqxkcai00901lxdn0lor","fieldName":"groups"},{"_typeName":"Group","id":"ck66jsqxkcahz0901gwwsv76k","fieldName":"author"}],[{"_typeName":"User","id":"ck66jsqxocai50901x8m75pdp","fieldName":"groups"},{"_typeName":"Group","id":"ck66jsqxncai40901kh1p39cm","fieldName":"author"}],[{"_typeName":"User","id":"ck66jsqxqcai909016r4l4umq","fieldName":"groups"},{"_typeName":"Group","id":"ck66jsqxqcai80901jpbds999","fieldName":"author"}],[{"_typeName":"User","id":"ck66jsqxscaic0901ei16gg9e","fieldName":"groups"},{"_typeName":"Group","id":"ck66jsqxscaib0901oskoi5gw","fieldName":"author"}],[{"_typeName":"User","id":"ck66jsqxucaif090175mviu9z","fieldName":"groups"},{"_typeName":"Group","id":"ck66jsqxucaie0901kebni6kq","fieldName":"author"}],[{"_typeName":"User","id":"ck66jsqxwcaii09016ifq1jru","fieldName":"groups"},{"_typeName":"Group","id":"ck66jsqxwcaih0901q8eabib3","fieldName":"author"}],[{"_typeName":"User","id":"ck66jsqxzcain0901vz7nypkj","fieldName":"groups"},{"_typeName":"Group","id":"ck66jsqxzcaim0901y12pqb1a","fieldName":"author"}],[{"_typeName":"User","id":"ck66jsqy1caip09017n9m6kne","fieldName":"groups"},{"_typeName":"Group","id":"ck66jsqy0caio0901d4x14d74","fieldName":"author"}],[{"_typeName":"User","id":"ck66jsqy3cais0901aegffw6c","fieldName":"groups"},{"_typeName":"Group","id":"ck66jsqy2cair0901xmviojlq","fieldName":"author"}],[{"_typeName":"User","id":"ck66jsqy5caiv0901wn8ket7y","fieldName":"groups"},{"_typeName":"Group","id":"ck66jsqy4caiu09013fkj05kw","fieldName":"author"}],[{"_typeName":"User","id":"ck66jsqy7caiy0901thgakfbt","fieldName":"groups"},{"_typeName":"Group","id":"ck66jsqy7caix0901zfscw6xw","fieldName":"author"}],[{"_typeName":"User","id":"ck66jsqyacaj10901jnkguxpu","fieldName":"groups"},{"_typeName":"Group","id":"ck66jsqy9caj00901laed5e1u","fieldName":"author"}],[{"_typeName":"User","id":"ck66jsqybcaj40901ut0haovi","fieldName":"groups"},{"_typeName":"Group","id":"ck66jsqybcaj309014yrax7tu","fieldName":"author"}],[{"_typeName":"User","id":"ck66jsqyecaj90901o7jabyo0","fieldName":"groups"},{"_typeName":"Group","id":"ck66jsqyecaj809017kly7wrw","fieldName":"author"}],[{"_typeName":"User","id":"ck66jsqyhcajd0901qnmxs9og","fieldName":"groups"},{"_typeName":"Group","id":"ck66jsqyhcajc0901t61xprtd","fieldName":"author"}],[{"_typeName":"User","id":"ck66jsqykcajh0901b0z474wn","fieldName":"groups"},{"_typeName":"Group","id":"ck66jsqykcajg09015o68tmjs","fieldName":"author"}],[{"_typeName":"User","id":"ck66jsqyncajn09015wb1fvgg","fieldName":"groups"},{"_typeName":"Group","id":"ck66jsqyncajm09017343sf4g","fieldName":"author"}],[{"_typeName":"User","id":"ck66jsqyrcajs0901hth0j94a","fieldName":"groups"},{"_typeName":"Group","id":"ck66jsqyqcajr0901s8tfj0e9","fieldName":"author"}],[{"_typeName":"User","id":"ck66jsqytcajv0901cgkk0ict","fieldName":"groups"},{"_typeName":"Group","id":"ck66jsqytcaju0901ovys0yhu","fieldName":"author"}],[{"_typeName":"User","id":"ck66jsqyvcajz0901g3afaqs0","fieldName":"groups"},{"_typeName":"Group","id":"ck66jsqyvcajy0901zenxu266","fieldName":"author"}],[{"_typeName":"User","id":"ck66jsqyycak309019uvsk0d5","fieldName":"groups"},{"_typeName":"Group","id":"ck66jsqyxcak209014bffdw5e","fieldName":"author"}],[{"_typeName":"User","id":"ck66jsqz0cak809019rnhbhr8","fieldName":"groups"},{"_typeName":"Group","id":"ck66jsqz0cak70901ajiwd8gr","fieldName":"author"}],[{"_typeName":"User","id":"ck66jsqz3cakc090148edxj08","fieldName":"groups"},{"_typeName":"Group","id":"ck66jsqz2cakb0901g4zqvspq","fieldName":"author"}],[{"_typeName":"User","id":"ck66jsqz5cakg0901pvtht14p","fieldName":"groups"},{"_typeName":"Group","id":"ck66jsqz5cakf0901zc26eo9b","fieldName":"author"}],[{"_typeName":"User","id":"ck66jsqz8cakk0901zb7r1r2q","fieldName":"groups"},{"_typeName":"Group","id":"ck66jsqz7cakj09018esak3v2","fieldName":"author"}],[{"_typeName":"User","id":"ck66jsqzacako0901n5mw5jtd","fieldName":"groups"},{"_typeName":"Group","id":"ck66jsqzacakn09011mh7e07q","fieldName":"author"}],[{"_typeName":"User","id":"ck66jsqzdcakt09013trd8nl2","fieldName":"groups"},{"_typeName":"Group","id":"ck66jsqzdcaks0901b6ihgn1i","fieldName":"author"}],[{"_typeName":"User","id":"ck66jsqzfcakw0901wjg0psmh","fieldName":"groups"},{"_typeName":"Group","id":"ck66jsqzfcakv0901xsgqd9ax","fieldName":"author"}],[{"_typeName":"User","id":"ck66jsqzical00901pkxp6z5y","fieldName":"groups"},{"_typeName":"Group","id":"ck66jsqzhcakz090163cq1kvi","fieldName":"author"}],[{"_typeName":"User","id":"ck66jsqzkcal40901ghwr3tyi","fieldName":"groups"},{"_typeName":"Group","id":"ck66jsqzkcal30901jp6t9fvq","fieldName":"author"}],[{"_typeName":"User","id":"ck66jsqzncal90901x7wpkbqn","fieldName":"groups"},{"_typeName":"Group","id":"ck66jsqzncal8090135sw8inv","fieldName":"author"}],[{"_typeName":"User","id":"ck66jsqzqcald0901vwvabq5g","fieldName":"groups"},{"_typeName":"Group","id":"ck66jsqzpcalc09015h1x0b06","fieldName":"author"}],[{"_typeName":"User","id":"ck66jsqzscalf09019uhhltln","fieldName":"groups"},{"_typeName":"Group","id":"ck66jsqzrcale0901uw2tw9nx","fieldName":"author"}],[{"_typeName":"User","id":"ck66jsqzucalj0901udckc0db","fieldName":"groups"},{"_typeName":"Group","id":"ck66jsqzucali0901nqnl1cyf","fieldName":"author"}],[{"_typeName":"User","id":"ck66jsqzycaln0901iae6yzvz","fieldName":"groups"},{"_typeName":"Group","id":"ck66jsqzxcalm0901k77vds7a","fieldName":"author"}],[{"_typeName":"User","id":"ck66jsr01calr0901ez96gjja","fieldName":"groups"},{"_typeName":"Group","id":"ck66jsr00calq0901qppr7z46","fieldName":"author"}],[{"_typeName":"User","id":"ck66jsr04calw0901yk5wi3uw","fieldName":"groups"},{"_typeName":"Group","id":"ck66jsr03calv0901nuli9klb","fieldName":"author"}],[{"_typeName":"User","id":"ck66jsr07cam009010bpx6zyl","fieldName":"groups"},{"_typeName":"Group","id":"ck66jsr06calz0901oprvv5bw","fieldName":"author"}],[{"_typeName":"User","id":"ck66jsr09cam30901zoqi1tcv","fieldName":"groups"},{"_typeName":"Group","id":"ck66jsr09cam20901o2qe3r26","fieldName":"author"}],[{"_typeName":"User","id":"ck66jsr0bcam60901b94k6fbe","fieldName":"groups"},{"_typeName":"Group","id":"ck66jsr0bcam50901dlw7j8o2","fieldName":"author"}],[{"_typeName":"User","id":"ck66jsr0ecamb0901hckk59tt","fieldName":"groups"},{"_typeName":"Group","id":"ck66jsr0ecama0901cow0c1au","fieldName":"author"}],[{"_typeName":"User","id":"ck66jsr0gcame09011vejpqjx","fieldName":"groups"},{"_typeName":"Group","id":"ck66jsr0gcamd0901i9eqatpc","fieldName":"author"}],[{"_typeName":"User","id":"ck66jsr0jcami09016c4s7auc","fieldName":"groups"},{"_typeName":"Group","id":"ck66jsr0icamh0901qytfnm10","fieldName":"author"}],[{"_typeName":"User","id":"ck66jsr0mcamn09015j224wws","fieldName":"groups"},{"_typeName":"Group","id":"ck66jsr0lcamm0901ajxe31wl","fieldName":"author"}],[{"_typeName":"User","id":"ck66jsr0pcams0901po476wyw","fieldName":"groups"},{"_typeName":"Group","id":"ck66jsr0pcamr09019hplefsm","fieldName":"author"}],[{"_typeName":"User","id":"ck66jsr0rcamv0901bm1r4dgt","fieldName":"groups"},{"_typeName":"Group","id":"ck66jsr0rcamu0901kplmzhxb","fieldName":"author"}],[{"_typeName":"User","id":"ck66jsr0ucan10901ud2vzlep","fieldName":"groups"},{"_typeName":"Group","id":"ck66jsr0ucamy0901zuizr7sx","fieldName":"author"}],[{"_typeName":"User","id":"ck66jsr0xcan50901n1ef6wzc","fieldName":"groups"},{"_typeName":"Group","id":"ck66jsr0wcan40901aw1y71dm","fieldName":"author"}],[{"_typeName":"User","id":"ck66jsr15cana0901df81p3sp","fieldName":"groups"},{"_typeName":"Group","id":"ck66jsr15can909018qiej4pe","fieldName":"author"}],[{"_typeName":"User","id":"ck66jsr17cand0901wjqiwlh9","fieldName":"groups"},{"_typeName":"Group","id":"ck66jsr17canc0901sbg66yd0","fieldName":"author"}],[{"_typeName":"User","id":"ck66jsr1bcanh09013ycfkjj4","fieldName":"groups"},{"_typeName":"Group","id":"ck66jsr1acang0901ilcq8opd","fieldName":"author"}],[{"_typeName":"User","id":"ck66jsr1ecann0901nsj03qvs","fieldName":"groups"},{"_typeName":"Group","id":"ck66jsr1ecanm0901os8ts966","fieldName":"author"}],[{"_typeName":"User","id":"ck66jsr1hcanr0901snc4a7ds","fieldName":"groups"},{"_typeName":"Group","id":"ck66jsr1gcanq0901e4dfg210","fieldName":"author"}],[{"_typeName":"User","id":"ck66jsr1kcanw0901cbpvs09h","fieldName":"groups"},{"_typeName":"Group","id":"ck66jsr1kcanv0901xfd2p25g","fieldName":"author"}],[{"_typeName":"User","id":"ck66jsr1ocao109016ezieamf","fieldName":"groups"},{"_typeName":"Group","id":"ck66jsr1ocao00901bhgztg38","fieldName":"author"}],[{"_typeName":"User","id":"ck66jsr1scao60901wx5e5q2x","fieldName":"groups"},{"_typeName":"Group","id":"ck66jsr1scao50901i5co68kj","fieldName":"author"}],[{"_typeName":"User","id":"ck66jsr1ucaoa09019nmgpxj2","fieldName":"groups"},{"_typeName":"Group","id":"ck66jsr1ucao90901wftf6tui","fieldName":"author"}],[{"_typeName":"User","id":"ck66jsr1xcaod0901du472263","fieldName":"groups"},{"_typeName":"Group","id":"ck66jsr1wcaoc0901c1lj9axd","fieldName":"author"}],[{"_typeName":"User","id":"ck66jsr1zcaog090115ktrbrq","fieldName":"groups"},{"_typeName":"Group","id":"ck66jsr1zcaof0901aqfbmme5","fieldName":"author"}],[{"_typeName":"User","id":"ck66jsr24caol0901vszlbid2","fieldName":"groups"},{"_typeName":"Group","id":"ck66jsr23caok0901xm5bh7nl","fieldName":"author"}],[{"_typeName":"User","id":"ck66jsr27caoo0901quvgdhp7","fieldName":"groups"},{"_typeName":"Group","id":"ck66jsr26caon0901ky0dkf3p","fieldName":"author"}],[{"_typeName":"User","id":"ck66jsr2acaor09012hy5m6mh","fieldName":"groups"},{"_typeName":"Group","id":"ck66jsr29caoq0901nshhu2ul","fieldName":"author"}],[{"_typeName":"User","id":"ck66jsr2bcaou0901eiyl38j0","fieldName":"groups"},{"_typeName":"Group","id":"ck66jsr2bcaot0901xm864j5f","fieldName":"author"}],[{"_typeName":"User","id":"ck66jsr2ecaoy09015rnc21e0","fieldName":"groups"},{"_typeName":"Group","id":"ck66jsr2ecaox0901bvno4e8n","fieldName":"author"}],[{"_typeName":"User","id":"ck66jsr2qcap709013aiv481d","fieldName":"groups"},{"_typeName":"Group","id":"ck66jsr2ocap609014wlb85fw","fieldName":"author"}],[{"_typeName":"User","id":"ck66jsr2scapb09019jf5nwf8","fieldName":"groups"},{"_typeName":"Group","id":"ck66jsr2rcapa09017jz3qmfp","fieldName":"author"}],[{"_typeName":"User","id":"ck66jsr2vcapf0901x9b859x7","fieldName":"groups"},{"_typeName":"Group","id":"ck66jsr2ucape09010chf5zzm","fieldName":"author"}],[{"_typeName":"User","id":"ck66jsr2ycapi0901u7zeorcj","fieldName":"groups"},{"_typeName":"Group","id":"ck66jsr2xcaph09013fjzda4g","fieldName":"author"}],[{"_typeName":"User","id":"ck66jsr30capm0901xrgcwqop","fieldName":"groups"},{"_typeName":"Group","id":"ck66jsr30capl0901w0b8d6tv","fieldName":"author"}],[{"_typeName":"User","id":"ck66jsr33capq09014qvue94w","fieldName":"groups"},{"_typeName":"Group","id":"ck66jsr32capp09011igc46ts","fieldName":"author"}],[{"_typeName":"User","id":"ck66jsr36capu0901kvge8p09","fieldName":"groups"},{"_typeName":"Group","id":"ck66jsr36capt0901qcfalsz1","fieldName":"author"}],[{"_typeName":"User","id":"ck66jsr38capx0901iqz3z1x8","fieldName":"groups"},{"_typeName":"Group","id":"ck66jsr38capw0901nzmbk3jv","fieldName":"author"}],[{"_typeName":"User","id":"ck66jsr3bcaq00901pmb6gdys","fieldName":"groups"},{"_typeName":"Group","id":"ck66jsr3acapz0901g5jjjrba","fieldName":"author"}],[{"_typeName":"User","id":"ck66jsr3ecaq609014xcx8att","fieldName":"groups"},{"_typeName":"Group","id":"ck66jsr3ecaq5090132wzk5ld","fieldName":"author"}],[{"_typeName":"User","id":"ck66jsr3icaqa0901zvvrc54w","fieldName":"groups"},{"_typeName":"Group","id":"ck66jsr3hcaq90901ysfw8idn","fieldName":"author"}],[{"_typeName":"User","id":"ck66jsr3ncaqf09013v9p4bq9","fieldName":"groups"},{"_typeName":"Group","id":"ck66jsr3mcaqe0901xdexj9wj","fieldName":"author"}],[{"_typeName":"User","id":"ck66jsr3rcaqj0901bdqhtyao","fieldName":"groups"},{"_typeName":"Group","id":"ck66jsr3qcaqi090101ieayqs","fieldName":"author"}],[{"_typeName":"User","id":"ck66jsr3ucaqm090120xk83di","fieldName":"groups"},{"_typeName":"Group","id":"ck66jsr3tcaql0901xtetionu","fieldName":"author"}],[{"_typeName":"User","id":"ck66jsr3xcaqr0901znr1zlpj","fieldName":"groups"},{"_typeName":"Group","id":"ck66jsr3wcaqq0901yvhyu4kd","fieldName":"author"}],[{"_typeName":"Event","id":"ck5v1ql2glgid093582yhj929","fieldName":"contact"},{"_typeName":"Contact","id":"ck67ses2wquwv0901335aj6up"}],[{"_typeName":"Event","id":"ck5v1ql2glgid093582yhj929","fieldName":"contact"},{"_typeName":"Contact","id":"ck67sfez5qv310901vbbgrgmr"}],[{"_typeName":"Event","id":"ck5v1ql2glgid093582yhj929","fieldName":"contact"},{"_typeName":"Contact","id":"ck67sg3rlqvat0901pifllgso"}],[{"_typeName":"Image","id":"ck5v1ql2blgic0935kwsh99m1"},{"_typeName":"Event","id":"ck5v1ql2glgid093582yhj929","fieldName":"image"}],[{"_typeName":"Image","id":"ck5zeazzsv0gn0901noviof91"},{"_typeName":"Event","id":"ck5zeazzwv0go0901q2vx5z3l","fieldName":"image"}],[{"_typeName":"Location","id":"ck5v1ql2blgic0935kwsh99m1"},{"_typeName":"Event","id":"ck5v1ql2glgid093582yhj929","fieldName":"location"}],[{"_typeName":"Location","id":"ck5zeazzsv0gn0901noviof91"},{"_typeName":"Event","id":"ck5zeazzwv0go0901q2vx5z3l","fieldName":"location"}],[{"_typeName":"Meeting","id":"ck5v1l0stldpg0935qu7j8v4d","fieldName":"group"},{"_typeName":"Group","id":"ck5v1l0spldpe0935nu8oz92p","fieldName":"meetings"}],[{"_typeName":"Meeting","id":"ck5v1l0suldph093599qb5okp","fieldName":"group"},{"_typeName":"Group","id":"ck5v1l0spldpe0935nu8oz92p","fieldName":"meetings"}],[{"_typeName":"Meeting","id":"ck5v1l0svldpi0935l6gw7ozh","fieldName":"group"},{"_typeName":"Group","id":"ck5v1l0spldpe0935nu8oz92p","fieldName":"meetings"}],[{"_typeName":"Meeting","id":"ck5v1l0swldpj0935ous2i4wq","fieldName":"group"},{"_typeName":"Group","id":"ck5v1l0spldpe0935nu8oz92p","fieldName":"meetings"}],[{"_typeName":"Meeting","id":"ck5v1l0t0ldpm0935tdhrh8f7","fieldName":"group"},{"_typeName":"Group","id":"ck5v1l0sxldpk09354zxgwa54","fieldName":"meetings"}],[{"_typeName":"Meeting","id":"ck5v1l0t2ldpn093520hzn4t3","fieldName":"group"},{"_typeName":"Group","id":"ck5v1l0sxldpk09354zxgwa54","fieldName":"meetings"}],[{"_typeName":"Meeting","id":"ck5v1l0t6ldpq0935dvkv07gn","fieldName":"group"},{"_typeName":"Group","id":"ck5v1l0t3ldpo0935daow1j98","fieldName":"meetings"}],[{"_typeName":"Meeting","id":"ck5v1l0t7ldpr0935v7xot9qv","fieldName":"group"},{"_typeName":"Group","id":"ck5v1l0t3ldpo0935daow1j98","fieldName":"meetings"}],[{"_typeName":"Meeting","id":"ck5v1l0t8ldps0935yapzbnsd","fieldName":"group"},{"_typeName":"Group","id":"ck5v1l0t3ldpo0935daow1j98","fieldName":"meetings"}],[{"_typeName":"Meeting","id":"ck5v1l0taldpt0935cct4h6xp","fieldName":"group"},{"_typeName":"Group","id":"ck5v1l0t3ldpo0935daow1j98","fieldName":"meetings"}],[{"_typeName":"Meeting","id":"ck5v1l0tbldpu0935cctq84sg","fieldName":"group"},{"_typeName":"Group","id":"ck5v1l0t3ldpo0935daow1j98","fieldName":"meetings"}],[{"_typeName":"Meeting","id":"ck5v1l0teldpx0935culhwheh","fieldName":"group"},{"_typeName":"Group","id":"ck5v1l0tbldpv0935v8mufvk5","fieldName":"meetings"}],[{"_typeName":"Meeting","id":"ck5v1l0tildq009352rk7js9g","fieldName":"group"},{"_typeName":"Group","id":"ck5v1l0tfldpy0935l3dwum38","fieldName":"meetings"}],[{"_typeName":"Meeting","id":"ck5v1l0tjldq10935eksr3rnd","fieldName":"group"},{"_typeName":"Group","id":"ck5v1l0tfldpy0935l3dwum38","fieldName":"meetings"}],[{"_typeName":"Meeting","id":"ck5v1l0tkldq209359y5ulk9j","fieldName":"group"},{"_typeName":"Group","id":"ck5v1l0tfldpy0935l3dwum38","fieldName":"meetings"}],[{"_typeName":"Meeting","id":"ck5v1l0toldq50935ivoj4laa","fieldName":"group"},{"_typeName":"Group","id":"ck5v1l0tlldq30935hx88kfof","fieldName":"meetings"}],[{"_typeName":"Meeting","id":"ck5v1l0tsldq8093570bgi7jj","fieldName":"group"},{"_typeName":"Group","id":"ck5v1l0tpldq60935xej1twjd","fieldName":"meetings"}],[{"_typeName":"Meeting","id":"ck5v1l0ttldq90935nvcdqgna","fieldName":"group"},{"_typeName":"Group","id":"ck5v1l0tpldq60935xej1twjd","fieldName":"meetings"}],[{"_typeName":"Meeting","id":"ck5v1l0tuldqa0935i7nkkvhw","fieldName":"group"},{"_typeName":"Group","id":"ck5v1l0tpldq60935xej1twjd","fieldName":"meetings"}],[{"_typeName":"Meeting","id":"ck5v1l0tvldqb09352fgckt9j","fieldName":"group"},{"_typeName":"Group","id":"ck5v1l0tpldq60935xej1twjd","fieldName":"meetings"}],[{"_typeName":"Meeting","id":"ck5v1l0twldqc0935jjoo3a7y","fieldName":"group"},{"_typeName":"Group","id":"ck5v1l0tpldq60935xej1twjd","fieldName":"meetings"}],[{"_typeName":"Meeting","id":"ck5v1l0txldqd0935lmp8ogwr","fieldName":"group"},{"_typeName":"Group","id":"ck5v1l0tpldq60935xej1twjd","fieldName":"meetings"}],[{"_typeName":"Meeting","id":"ck5v1l0tyldqe093555z4r35g","fieldName":"group"},{"_typeName":"Group","id":"ck5v1l0tpldq60935xej1twjd","fieldName":"meetings"}],[{"_typeName":"Meeting","id":"ck5v1l0u2ldqh0935825v1nmn","fieldName":"group"},{"_typeName":"Group","id":"ck5v1l0tzldqf0935h8xu250c","fieldName":"meetings"}],[{"_typeName":"Meeting","id":"ck5v1l0u2ldqi0935bheahh25","fieldName":"group"},{"_typeName":"Group","id":"ck5v1l0tzldqf0935h8xu250c","fieldName":"meetings"}],[{"_typeName":"Meeting","id":"ck5v1l0u4ldqj0935hkptomuw","fieldName":"group"},{"_typeName":"Group","id":"ck5v1l0tzldqf0935h8xu250c","fieldName":"meetings"}],[{"_typeName":"Meeting","id":"ck5v1l0u5ldqk0935ilb7ujvh","fieldName":"group"},{"_typeName":"Group","id":"ck5v1l0tzldqf0935h8xu250c","fieldName":"meetings"}],[{"_typeName":"Meeting","id":"ck5v1l0u9ldqn0935954gysel","fieldName":"group"},{"_typeName":"Group","id":"ck5v1l0u5ldql0935onl7v1ru","fieldName":"meetings"}],[{"_typeName":"Meeting","id":"ck5v1l0u9ldqo09351fzvz2oj","fieldName":"group"},{"_typeName":"Group","id":"ck5v1l0u5ldql0935onl7v1ru","fieldName":"meetings"}],[{"_typeName":"Meeting","id":"ck5v1l0udldqr0935x7r5kzzn","fieldName":"group"},{"_typeName":"Group","id":"ck5v1l0ualdqp09358h24f8bd","fieldName":"meetings"}],[{"_typeName":"Meeting","id":"ck5v1l0uhldqu0935grtweq12","fieldName":"group"},{"_typeName":"Group","id":"ck5v1l0ueldqs0935xdosoeav","fieldName":"meetings"}],[{"_typeName":"Meeting","id":"ck5v1l0uildqv0935d15rdxzi","fieldName":"group"},{"_typeName":"Group","id":"ck5v1l0ueldqs0935xdosoeav","fieldName":"meetings"}],[{"_typeName":"Meeting","id":"ck5v1l0unldqy0935rsgigf6w","fieldName":"group"},{"_typeName":"Group","id":"ck5v1l0ujldqw0935a56nmyel","fieldName":"meetings"}],[{"_typeName":"Meeting","id":"ck5v1l0urldr109358fqf8yag","fieldName":"group"},{"_typeName":"Group","id":"ck5v1l0uoldqz09354gsgklaz","fieldName":"meetings"}],[{"_typeName":"Meeting","id":"ck5v1l0usldr209351nuc90xp","fieldName":"group"},{"_typeName":"Group","id":"ck5v1l0uoldqz09354gsgklaz","fieldName":"meetings"}],[{"_typeName":"Meeting","id":"ck5v1l0utldr30935aoq2b966","fieldName":"group"},{"_typeName":"Group","id":"ck5v1l0uoldqz09354gsgklaz","fieldName":"meetings"}],[{"_typeName":"Meeting","id":"ck5v1l0uuldr40935ts1fbuez","fieldName":"group"},{"_typeName":"Group","id":"ck5v1l0uoldqz09354gsgklaz","fieldName":"meetings"}],[{"_typeName":"Meeting","id":"ck5v1l0uvldr50935cpm73h7r","fieldName":"group"},{"_typeName":"Group","id":"ck5v1l0uoldqz09354gsgklaz","fieldName":"meetings"}],[{"_typeName":"Meeting","id":"ck5v1l0uwldr609358rztiwn8","fieldName":"group"},{"_typeName":"Group","id":"ck5v1l0uoldqz09354gsgklaz","fieldName":"meetings"}],[{"_typeName":"Meeting","id":"ck5v1l0uxldr709355krmg28k","fieldName":"group"},{"_typeName":"Group","id":"ck5v1l0uoldqz09354gsgklaz","fieldName":"meetings"}],[{"_typeName":"Meeting","id":"ck5v1l0v0ldra0935jp6865dw","fieldName":"group"},{"_typeName":"Group","id":"ck5v1l0uxldr80935op93zp3q","fieldName":"meetings"}],[{"_typeName":"Meeting","id":"ck5v1l0v1ldrb0935rogu093h","fieldName":"group"},{"_typeName":"Group","id":"ck5v1l0uxldr80935op93zp3q","fieldName":"meetings"}],[{"_typeName":"Meeting","id":"ck5v1l0v5ldre0935r6311our","fieldName":"group"},{"_typeName":"Group","id":"ck5v1l0v2ldrc0935colc93up","fieldName":"meetings"}],[{"_typeName":"Meeting","id":"ck5v1l0v9ldrh09350plyxooy","fieldName":"group"},{"_typeName":"Group","id":"ck5v1l0v6ldrf0935zfmhoo99","fieldName":"meetings"}],[{"_typeName":"Meeting","id":"ck5v1l0vdldrk09354gy6eihg","fieldName":"group"},{"_typeName":"Group","id":"ck5v1l0valdri09350dvh8lyk","fieldName":"meetings"}],[{"_typeName":"Meeting","id":"ck5v1l0veldrl0935eo49d3pz","fieldName":"group"},{"_typeName":"Group","id":"ck5v1l0valdri09350dvh8lyk","fieldName":"meetings"}],[{"_typeName":"Meeting","id":"ck5v1l0vildro0935fgfozl3d","fieldName":"group"},{"_typeName":"Group","id":"ck5v1l0vfldrm093582ge9q3l","fieldName":"meetings"}],[{"_typeName":"Meeting","id":"ck5v1l0vmldrr093583xj9a0g","fieldName":"group"},{"_typeName":"Group","id":"ck5v1l0vjldrp0935stau81to","fieldName":"meetings"}],[{"_typeName":"Meeting","id":"ck5v1l0vqldru0935ccdqc8k4","fieldName":"group"},{"_typeName":"Group","id":"ck5v1l0vnldrs0935b83swgjv","fieldName":"meetings"}],[{"_typeName":"Meeting","id":"ck5v1l0vqldrv09356nw5p602","fieldName":"group"},{"_typeName":"Group","id":"ck5v1l0vnldrs0935b83swgjv","fieldName":"meetings"}],[{"_typeName":"Meeting","id":"ck5v1l0vrldrw0935k2jq126h","fieldName":"group"},{"_typeName":"Group","id":"ck5v1l0vnldrs0935b83swgjv","fieldName":"meetings"}],[{"_typeName":"Meeting","id":"ck5v1l0vuldrz0935vmhj0uw4","fieldName":"group"},{"_typeName":"Group","id":"ck5v1l0vsldrx0935y705ojrd","fieldName":"meetings"}],[{"_typeName":"Meeting","id":"ck5v1l0vvlds00935hku5fp68","fieldName":"group"},{"_typeName":"Group","id":"ck5v1l0vsldrx0935y705ojrd","fieldName":"meetings"}],[{"_typeName":"Meeting","id":"ck5v1l0vwlds10935jcqqkpkn","fieldName":"group"},{"_typeName":"Group","id":"ck5v1l0vsldrx0935y705ojrd","fieldName":"meetings"}],[{"_typeName":"Meeting","id":"ck5v1l0vxlds20935tqu535ln","fieldName":"group"},{"_typeName":"Group","id":"ck5v1l0vsldrx0935y705ojrd","fieldName":"meetings"}],[{"_typeName":"Meeting","id":"ck5v1l0vylds30935pjmli5w9","fieldName":"group"},{"_typeName":"Group","id":"ck5v1l0vsldrx0935y705ojrd","fieldName":"meetings"}],[{"_typeName":"Meeting","id":"ck5v1l0w1lds60935rtpdkl9t","fieldName":"group"},{"_typeName":"Group","id":"ck5v1l0vzlds40935cxdd1swu","fieldName":"meetings"}],[{"_typeName":"Meeting","id":"ck5v1l0w2lds70935zzua6m5g","fieldName":"group"},{"_typeName":"Group","id":"ck5v1l0vzlds40935cxdd1swu","fieldName":"meetings"}],[{"_typeName":"Meeting","id":"ck5v1l0w3lds80935tonmalbb","fieldName":"group"},{"_typeName":"Group","id":"ck5v1l0vzlds40935cxdd1swu","fieldName":"meetings"}],[{"_typeName":"Meeting","id":"ck5v1l0w4lds90935f8lm9b27","fieldName":"group"},{"_typeName":"Group","id":"ck5v1l0vzlds40935cxdd1swu","fieldName":"meetings"}],[{"_typeName":"Meeting","id":"ck5v1l0w5ldsa0935heppjjng","fieldName":"group"},{"_typeName":"Group","id":"ck5v1l0vzlds40935cxdd1swu","fieldName":"meetings"}],[{"_typeName":"Meeting","id":"ck5v1l0w8ldsd0935tymwqagl","fieldName":"group"},{"_typeName":"Group","id":"ck5v1l0w6ldsb0935oowg3omz","fieldName":"meetings"}],[{"_typeName":"Meeting","id":"ck5v1l0w9ldse0935a3imu0xs","fieldName":"group"},{"_typeName":"Group","id":"ck5v1l0w6ldsb0935oowg3omz","fieldName":"meetings"}],[{"_typeName":"Meeting","id":"ck5v1l0waldsf0935bt0maq4h","fieldName":"group"},{"_typeName":"Group","id":"ck5v1l0w6ldsb0935oowg3omz","fieldName":"meetings"}],[{"_typeName":"Meeting","id":"ck5v1l0wbldsg0935h2tahvbn","fieldName":"group"},{"_typeName":"Group","id":"ck5v1l0w6ldsb0935oowg3omz","fieldName":"meetings"}],[{"_typeName":"Meeting","id":"ck5v1l0wbldsh0935j2dwre54","fieldName":"group"},{"_typeName":"Group","id":"ck5v1l0w6ldsb0935oowg3omz","fieldName":"meetings"}],[{"_typeName":"Meeting","id":"ck5v1l0wdldsi0935lr3eo2lw","fieldName":"group"},{"_typeName":"Group","id":"ck5v1l0w6ldsb0935oowg3omz","fieldName":"meetings"}],[{"_typeName":"Meeting","id":"ck5v1l0weldsj0935c84h5173","fieldName":"group"},{"_typeName":"Group","id":"ck5v1l0w6ldsb0935oowg3omz","fieldName":"meetings"}],[{"_typeName":"Meeting","id":"ck5v1l0wfldsk0935cao3ywe2","fieldName":"group"},{"_typeName":"Group","id":"ck5v1l0w6ldsb0935oowg3omz","fieldName":"meetings"}],[{"_typeName":"Meeting","id":"ck5v1l0wgldsl09358qkeqllf","fieldName":"group"},{"_typeName":"Group","id":"ck5v1l0w6ldsb0935oowg3omz","fieldName":"meetings"}],[{"_typeName":"Meeting","id":"ck5v1l0wgldsm0935iui6dcrm","fieldName":"group"},{"_typeName":"Group","id":"ck5v1l0w6ldsb0935oowg3omz","fieldName":"meetings"}],[{"_typeName":"Meeting","id":"ck5v1l0whldsn0935liuptefz","fieldName":"group"},{"_typeName":"Group","id":"ck5v1l0w6ldsb0935oowg3omz","fieldName":"meetings"}],[{"_typeName":"Meeting","id":"ck5v1l0wildso0935nfdmix0q","fieldName":"group"},{"_typeName":"Group","id":"ck5v1l0w6ldsb0935oowg3omz","fieldName":"meetings"}],[{"_typeName":"Meeting","id":"ck5v1l0wjldsp09350d5lvy70","fieldName":"group"},{"_typeName":"Group","id":"ck5v1l0w6ldsb0935oowg3omz","fieldName":"meetings"}],[{"_typeName":"Meeting","id":"ck5v1l0wmldss0935kixyj6tf","fieldName":"group"},{"_typeName":"Group","id":"ck5v1l0wjldsq09355rlhtgtx","fieldName":"meetings"}],[{"_typeName":"Meeting","id":"ck5v1l0wnldst0935gksufn80","fieldName":"group"},{"_typeName":"Group","id":"ck5v1l0wjldsq09355rlhtgtx","fieldName":"meetings"}],[{"_typeName":"Meeting","id":"ck5v1l0wnldsu09354k9fw2l0","fieldName":"group"},{"_typeName":"Group","id":"ck5v1l0wjldsq09355rlhtgtx","fieldName":"meetings"}],[{"_typeName":"Meeting","id":"ck5v1l0woldsv0935jf6ub0fs","fieldName":"group"},{"_typeName":"Group","id":"ck5v1l0wjldsq09355rlhtgtx","fieldName":"meetings"}],[{"_typeName":"Meeting","id":"ck5v1l0wsldsy0935borwf0oq","fieldName":"group"},{"_typeName":"Group","id":"ck5v1l0wpldsw0935w6dj5kcu","fieldName":"meetings"}],[{"_typeName":"Meeting","id":"ck5v1l0wtldsz09352mwu79bz","fieldName":"group"},{"_typeName":"Group","id":"ck5v1l0wpldsw0935w6dj5kcu","fieldName":"meetings"}],[{"_typeName":"Meeting","id":"ck5v1l0wuldt0093587sr6pka","fieldName":"group"},{"_typeName":"Group","id":"ck5v1l0wpldsw0935w6dj5kcu","fieldName":"meetings"}],[{"_typeName":"Meeting","id":"ck5v1l0wvldt10935phrbmr2d","fieldName":"group"},{"_typeName":"Group","id":"ck5v1l0wpldsw0935w6dj5kcu","fieldName":"meetings"}],[{"_typeName":"Meeting","id":"ck5v1l0wvldt20935p7sldlp7","fieldName":"group"},{"_typeName":"Group","id":"ck5v1l0wpldsw0935w6dj5kcu","fieldName":"meetings"}],[{"_typeName":"Meeting","id":"ck5v1l0wwldt30935i54oph3j","fieldName":"group"},{"_typeName":"Group","id":"ck5v1l0wpldsw0935w6dj5kcu","fieldName":"meetings"}],[{"_typeName":"Meeting","id":"ck5v1l0wxldt4093512zhvemt","fieldName":"group"},{"_typeName":"Group","id":"ck5v1l0wpldsw0935w6dj5kcu","fieldName":"meetings"}],[{"_typeName":"Meeting","id":"ck5v1l0wyldt50935xmut7pu2","fieldName":"group"},{"_typeName":"Group","id":"ck5v1l0wpldsw0935w6dj5kcu","fieldName":"meetings"}],[{"_typeName":"Meeting","id":"ck5v1l0x2ldt80935gswgtkjv","fieldName":"group"},{"_typeName":"Group","id":"ck5v1l0wzldt60935t2l1d2nu","fieldName":"meetings"}],[{"_typeName":"Meeting","id":"ck5v1l0x2ldt90935y8094v6u","fieldName":"group"},{"_typeName":"Group","id":"ck5v1l0wzldt60935t2l1d2nu","fieldName":"meetings"}],[{"_typeName":"Meeting","id":"ck5v1l0x3ldta09359s0kjkbe","fieldName":"group"},{"_typeName":"Group","id":"ck5v1l0wzldt60935t2l1d2nu","fieldName":"meetings"}],[{"_typeName":"Meeting","id":"ck5v1l0x4ldtb09357wck4wld","fieldName":"group"},{"_typeName":"Group","id":"ck5v1l0wzldt60935t2l1d2nu","fieldName":"meetings"}],[{"_typeName":"Meeting","id":"ck5v1l0x5ldtc0935bmszema7","fieldName":"group"},{"_typeName":"Group","id":"ck5v1l0wzldt60935t2l1d2nu","fieldName":"meetings"}],[{"_typeName":"Meeting","id":"ck5v1l0x6ldtd0935mjrfyio0","fieldName":"group"},{"_typeName":"Group","id":"ck5v1l0wzldt60935t2l1d2nu","fieldName":"meetings"}],[{"_typeName":"Meeting","id":"ck5v1l0x7ldte0935i8wtnk13","fieldName":"group"},{"_typeName":"Group","id":"ck5v1l0wzldt60935t2l1d2nu","fieldName":"meetings"}],[{"_typeName":"Meeting","id":"ck5v1l0xbldth0935g84f0gy7","fieldName":"group"},{"_typeName":"Group","id":"ck5v1l0x8ldtf0935tw937ia7","fieldName":"meetings"}],[{"_typeName":"Meeting","id":"ck5v1l0xbldti0935a4b0r1gu","fieldName":"group"},{"_typeName":"Group","id":"ck5v1l0x8ldtf0935tw937ia7","fieldName":"meetings"}],[{"_typeName":"Meeting","id":"ck5v1l0xcldtj09356bhbpjd7","fieldName":"group"},{"_typeName":"Group","id":"ck5v1l0x8ldtf0935tw937ia7","fieldName":"meetings"}],[{"_typeName":"Meeting","id":"ck5v1l0xdldtk0935bd66ub7s","fieldName":"group"},{"_typeName":"Group","id":"ck5v1l0x8ldtf0935tw937ia7","fieldName":"meetings"}],[{"_typeName":"Meeting","id":"ck5v1l0xeldtl0935fbbq3aug","fieldName":"group"},{"_typeName":"Group","id":"ck5v1l0x8ldtf0935tw937ia7","fieldName":"meetings"}],[{"_typeName":"Meeting","id":"ck5v1l0xfldtm0935z65uqi3b","fieldName":"group"},{"_typeName":"Group","id":"ck5v1l0x8ldtf0935tw937ia7","fieldName":"meetings"}],[{"_typeName":"Meeting","id":"ck66jsqwhcagg0901o0hmr0be","fieldName":"group"},{"_typeName":"Group","id":"ck66jsqwecagc0901opmmvd54","fieldName":"meetings"}],[{"_typeName":"Meeting","id":"ck66jsqwicagh09014oqx4qef","fieldName":"group"},{"_typeName":"Group","id":"ck66jsqwecagc0901opmmvd54","fieldName":"meetings"}],[{"_typeName":"Meeting","id":"ck66jsqwlcagk0901v3q9y08u","fieldName":"group"},{"_typeName":"Group","id":"ck66jsqwjcagi0901xp7843zl","fieldName":"meetings"}],[{"_typeName":"Meeting","id":"ck66jsqwlcagl0901z9wk5a3e","fieldName":"group"},{"_typeName":"Group","id":"ck66jsqwjcagi0901xp7843zl","fieldName":"meetings"}],[{"_typeName":"Meeting","id":"ck66jsqwocago0901gc7eka9g","fieldName":"group"},{"_typeName":"Group","id":"ck66jsqwmcagm09017micyzs9","fieldName":"meetings"}],[{"_typeName":"Meeting","id":"ck66jsqwocagp0901owlhw9n3","fieldName":"group"},{"_typeName":"Group","id":"ck66jsqwmcagm09017micyzs9","fieldName":"meetings"}],[{"_typeName":"Meeting","id":"ck66jsqwqcags0901b2r8c9yi","fieldName":"group"},{"_typeName":"Group","id":"ck66jsqwocagq0901coxwlxht","fieldName":"meetings"}],[{"_typeName":"Meeting","id":"ck66jsqwrcagt0901djowbedy","fieldName":"group"},{"_typeName":"Group","id":"ck66jsqwocagq0901coxwlxht","fieldName":"meetings"}],[{"_typeName":"Meeting","id":"ck66jsqwrcagu09013by88dpj","fieldName":"group"},{"_typeName":"Group","id":"ck66jsqwocagq0901coxwlxht","fieldName":"meetings"}],[{"_typeName":"Meeting","id":"ck66jsqwscagv0901w0m4psfa","fieldName":"group"},{"_typeName":"Group","id":"ck66jsqwocagq0901coxwlxht","fieldName":"meetings"}],[{"_typeName":"Meeting","id":"ck66jsqwtcagw0901himfnti2","fieldName":"group"},{"_typeName":"Group","id":"ck66jsqwocagq0901coxwlxht","fieldName":"meetings"}],[{"_typeName":"Meeting","id":"ck66jsqwtcagx0901h6eeuhfv","fieldName":"group"},{"_typeName":"Group","id":"ck66jsqwocagq0901coxwlxht","fieldName":"meetings"}],[{"_typeName":"Meeting","id":"ck66jsqwucagy0901m3q26z5a","fieldName":"group"},{"_typeName":"Group","id":"ck66jsqwocagq0901coxwlxht","fieldName":"meetings"}],[{"_typeName":"Meeting","id":"ck66jsqwwcah10901qmn0tlaw","fieldName":"group"},{"_typeName":"Group","id":"ck66jsqwucagz0901dsegyxa6","fieldName":"meetings"}],[{"_typeName":"Meeting","id":"ck66jsqwycah40901sxjxvisz","fieldName":"group"},{"_typeName":"Group","id":"ck66jsqwwcah20901j1u6zt3l","fieldName":"meetings"}],[{"_typeName":"Meeting","id":"ck66jsqwzcah50901xc0amev9","fieldName":"group"},{"_typeName":"Group","id":"ck66jsqwwcah20901j1u6zt3l","fieldName":"meetings"}],[{"_typeName":"Meeting","id":"ck66jsqwzcah60901qmut6vow","fieldName":"group"},{"_typeName":"Group","id":"ck66jsqwwcah20901j1u6zt3l","fieldName":"meetings"}],[{"_typeName":"Meeting","id":"ck66jsqx2cah90901rk5ouj30","fieldName":"group"},{"_typeName":"Group","id":"ck66jsqx0cah70901npt5w46j","fieldName":"meetings"}],[{"_typeName":"Meeting","id":"ck66jsqx2caha0901h2n9ro98","fieldName":"group"},{"_typeName":"Group","id":"ck66jsqx0cah70901npt5w46j","fieldName":"meetings"}],[{"_typeName":"Meeting","id":"ck66jsqx4cahd0901vpeh1alg","fieldName":"group"},{"_typeName":"Group","id":"ck66jsqx3cahb0901rsvh6xp1","fieldName":"meetings"}],[{"_typeName":"Meeting","id":"ck66jsqx5cahe09011x9kts5h","fieldName":"group"},{"_typeName":"Group","id":"ck66jsqx3cahb0901rsvh6xp1","fieldName":"meetings"}],[{"_typeName":"Meeting","id":"ck66jsqx6cahf09017nqp1wmz","fieldName":"group"},{"_typeName":"Group","id":"ck66jsqx3cahb0901rsvh6xp1","fieldName":"meetings"}],[{"_typeName":"Meeting","id":"ck66jsqx8cahi09016q7ankbm","fieldName":"group"},{"_typeName":"Group","id":"ck66jsqx6cahg0901687ykdj7","fieldName":"meetings"}],[{"_typeName":"Meeting","id":"ck66jsqx9cahj09014g4lbbv7","fieldName":"group"},{"_typeName":"Group","id":"ck66jsqx6cahg0901687ykdj7","fieldName":"meetings"}],[{"_typeName":"Meeting","id":"ck66jsqxbcahm0901ujsoirx1","fieldName":"group"},{"_typeName":"Group","id":"ck66jsqx9cahk09013qefznrf","fieldName":"meetings"}],[{"_typeName":"Meeting","id":"ck66jsqxdcahp09010avh4e4b","fieldName":"group"},{"_typeName":"Group","id":"ck66jsqxbcahn0901jt6y1r1s","fieldName":"meetings"}],[{"_typeName":"Meeting","id":"ck66jsqxfcahs0901pvmmyv03","fieldName":"group"},{"_typeName":"Group","id":"ck66jsqxecahq090118ncs4a6","fieldName":"meetings"}],[{"_typeName":"Meeting","id":"ck66jsqxhcahv09012ssz1le3","fieldName":"group"},{"_typeName":"Group","id":"ck66jsqxgcaht090180nrlo0v","fieldName":"meetings"}],[{"_typeName":"Meeting","id":"ck66jsqxjcahy0901fspjx7ri","fieldName":"group"},{"_typeName":"Group","id":"ck66jsqxicahw0901qfhxo5ek","fieldName":"meetings"}],[{"_typeName":"Meeting","id":"ck66jsqxlcai10901530qpkh1","fieldName":"group"},{"_typeName":"Group","id":"ck66jsqxkcahz0901gwwsv76k","fieldName":"meetings"}],[{"_typeName":"Meeting","id":"ck66jsqxmcai20901ob7fg5yg","fieldName":"group"},{"_typeName":"Group","id":"ck66jsqxkcahz0901gwwsv76k","fieldName":"meetings"}],[{"_typeName":"Meeting","id":"ck66jsqxmcai30901dl0y57pr","fieldName":"group"},{"_typeName":"Group","id":"ck66jsqxkcahz0901gwwsv76k","fieldName":"meetings"}],[{"_typeName":"Meeting","id":"ck66jsqxpcai60901gta3shnw","fieldName":"group"},{"_typeName":"Group","id":"ck66jsqxncai40901kh1p39cm","fieldName":"meetings"}],[{"_typeName":"Meeting","id":"ck66jsqxpcai709019ttqht4y","fieldName":"group"},{"_typeName":"Group","id":"ck66jsqxncai40901kh1p39cm","fieldName":"meetings"}],[{"_typeName":"Meeting","id":"ck66jsqxrcaia0901o8h32509","fieldName":"group"},{"_typeName":"Group","id":"ck66jsqxqcai80901jpbds999","fieldName":"meetings"}],[{"_typeName":"Meeting","id":"ck66jsqxtcaid09013szurmsl","fieldName":"group"},{"_typeName":"Group","id":"ck66jsqxscaib0901oskoi5gw","fieldName":"meetings"}],[{"_typeName":"Meeting","id":"ck66jsqxvcaig0901xpcjw1qk","fieldName":"group"},{"_typeName":"Group","id":"ck66jsqxucaie0901kebni6kq","fieldName":"meetings"}],[{"_typeName":"Meeting","id":"ck66jsqxxcaij09013j7wo7me","fieldName":"group"},{"_typeName":"Group","id":"ck66jsqxwcaih0901q8eabib3","fieldName":"meetings"}],[{"_typeName":"Meeting","id":"ck66jsqxycaik0901e42miobq","fieldName":"group"},{"_typeName":"Group","id":"ck66jsqxwcaih0901q8eabib3","fieldName":"meetings"}],[{"_typeName":"Meeting","id":"ck66jsqxycail0901unxdorjz","fieldName":"group"},{"_typeName":"Group","id":"ck66jsqxwcaih0901q8eabib3","fieldName":"meetings"}],[{"_typeName":"Meeting","id":"ck66jsqy1caiq09015o0q1g8g","fieldName":"group"},{"_typeName":"Group","id":"ck66jsqy0caio0901d4x14d74","fieldName":"meetings"}],[{"_typeName":"Meeting","id":"ck66jsqy4cait09010cmjcsaf","fieldName":"group"},{"_typeName":"Group","id":"ck66jsqy2cair0901xmviojlq","fieldName":"meetings"}],[{"_typeName":"Meeting","id":"ck66jsqy6caiw0901xnlkfwzz","fieldName":"group"},{"_typeName":"Group","id":"ck66jsqy4caiu09013fkj05kw","fieldName":"meetings"}],[{"_typeName":"Meeting","id":"ck66jsqy8caiz0901vd03db22","fieldName":"group"},{"_typeName":"Group","id":"ck66jsqy7caix0901zfscw6xw","fieldName":"meetings"}],[{"_typeName":"Meeting","id":"ck66jsqyacaj20901ynh6q4m6","fieldName":"group"},{"_typeName":"Group","id":"ck66jsqy9caj00901laed5e1u","fieldName":"meetings"}],[{"_typeName":"Meeting","id":"ck66jsqyccaj50901oqhxrs7s","fieldName":"group"},{"_typeName":"Group","id":"ck66jsqybcaj309014yrax7tu","fieldName":"meetings"}],[{"_typeName":"Meeting","id":"ck66jsqydcaj609012fr0abq4","fieldName":"group"},{"_typeName":"Group","id":"ck66jsqybcaj309014yrax7tu","fieldName":"meetings"}],[{"_typeName":"Meeting","id":"ck66jsqyecaj709018kbufweo","fieldName":"group"},{"_typeName":"Group","id":"ck66jsqybcaj309014yrax7tu","fieldName":"meetings"}],[{"_typeName":"Meeting","id":"ck66jsqygcaja09019c8obw3l","fieldName":"group"},{"_typeName":"Group","id":"ck66jsqyecaj809017kly7wrw","fieldName":"meetings"}],[{"_typeName":"Meeting","id":"ck66jsqygcajb0901mu29vycy","fieldName":"group"},{"_typeName":"Group","id":"ck66jsqyecaj809017kly7wrw","fieldName":"meetings"}],[{"_typeName":"Meeting","id":"ck66jsqyjcaje0901bbj2pcf2","fieldName":"group"},{"_typeName":"Group","id":"ck66jsqyhcajc0901t61xprtd","fieldName":"meetings"}],[{"_typeName":"Meeting","id":"ck66jsqyjcajf09011avkrs8d","fieldName":"group"},{"_typeName":"Group","id":"ck66jsqyhcajc0901t61xprtd","fieldName":"meetings"}],[{"_typeName":"Meeting","id":"ck66jsqylcaji0901f8jp4v1c","fieldName":"group"},{"_typeName":"Group","id":"ck66jsqykcajg09015o68tmjs","fieldName":"meetings"}],[{"_typeName":"Meeting","id":"ck66jsqymcajj0901fbv9duxf","fieldName":"group"},{"_typeName":"Group","id":"ck66jsqykcajg09015o68tmjs","fieldName":"meetings"}],[{"_typeName":"Meeting","id":"ck66jsqymcajk0901l7f4pyrf","fieldName":"group"},{"_typeName":"Group","id":"ck66jsqykcajg09015o68tmjs","fieldName":"meetings"}],[{"_typeName":"Meeting","id":"ck66jsqyncajl0901eknf6dy4","fieldName":"group"},{"_typeName":"Group","id":"ck66jsqykcajg09015o68tmjs","fieldName":"meetings"}],[{"_typeName":"Meeting","id":"ck66jsqypcajo0901r2qq7xk6","fieldName":"group"},{"_typeName":"Group","id":"ck66jsqyncajm09017343sf4g","fieldName":"meetings"}],[{"_typeName":"Meeting","id":"ck66jsqypcajp0901czo1scsc","fieldName":"group"},{"_typeName":"Group","id":"ck66jsqyncajm09017343sf4g","fieldName":"meetings"}],[{"_typeName":"Meeting","id":"ck66jsqyqcajq0901pv3ad0s8","fieldName":"group"},{"_typeName":"Group","id":"ck66jsqyncajm09017343sf4g","fieldName":"meetings"}],[{"_typeName":"Meeting","id":"ck66jsqyscajt0901xc0wp33h","fieldName":"group"},{"_typeName":"Group","id":"ck66jsqyqcajr0901s8tfj0e9","fieldName":"meetings"}],[{"_typeName":"Meeting","id":"ck66jsqyucajw0901ui1rb2dz","fieldName":"group"},{"_typeName":"Group","id":"ck66jsqytcaju0901ovys0yhu","fieldName":"meetings"}],[{"_typeName":"Meeting","id":"ck66jsqyvcajx0901dapktbp7","fieldName":"group"},{"_typeName":"Group","id":"ck66jsqytcaju0901ovys0yhu","fieldName":"meetings"}],[{"_typeName":"Meeting","id":"ck66jsqywcak009010le2332v","fieldName":"group"},{"_typeName":"Group","id":"ck66jsqyvcajy0901zenxu266","fieldName":"meetings"}],[{"_typeName":"Meeting","id":"ck66jsqyxcak109019ff4xziu","fieldName":"group"},{"_typeName":"Group","id":"ck66jsqyvcajy0901zenxu266","fieldName":"meetings"}],[{"_typeName":"Meeting","id":"ck66jsqyycak40901kqpupk8s","fieldName":"group"},{"_typeName":"Group","id":"ck66jsqyxcak209014bffdw5e","fieldName":"meetings"}],[{"_typeName":"Meeting","id":"ck66jsqyzcak50901xutc7tca","fieldName":"group"},{"_typeName":"Group","id":"ck66jsqyxcak209014bffdw5e","fieldName":"meetings"}],[{"_typeName":"Meeting","id":"ck66jsqyzcak60901itjruufp","fieldName":"group"},{"_typeName":"Group","id":"ck66jsqyxcak209014bffdw5e","fieldName":"meetings"}],[{"_typeName":"Meeting","id":"ck66jsqz1cak90901w44hbxmc","fieldName":"group"},{"_typeName":"Group","id":"ck66jsqz0cak70901ajiwd8gr","fieldName":"meetings"}],[{"_typeName":"Meeting","id":"ck66jsqz2caka0901jus0q2i3","fieldName":"group"},{"_typeName":"Group","id":"ck66jsqz0cak70901ajiwd8gr","fieldName":"meetings"}],[{"_typeName":"Meeting","id":"ck66jsqz4cakd0901jmwwuzsm","fieldName":"group"},{"_typeName":"Group","id":"ck66jsqz2cakb0901g4zqvspq","fieldName":"meetings"}],[{"_typeName":"Meeting","id":"ck66jsqz4cake0901n48ar7yn","fieldName":"group"},{"_typeName":"Group","id":"ck66jsqz2cakb0901g4zqvspq","fieldName":"meetings"}],[{"_typeName":"Meeting","id":"ck66jsqz6cakh09017hti5m9e","fieldName":"group"},{"_typeName":"Group","id":"ck66jsqz5cakf0901zc26eo9b","fieldName":"meetings"}],[{"_typeName":"Meeting","id":"ck66jsqz7caki09013il43yf8","fieldName":"group"},{"_typeName":"Group","id":"ck66jsqz5cakf0901zc26eo9b","fieldName":"meetings"}],[{"_typeName":"Meeting","id":"ck66jsqz9cakl09014z2vlufc","fieldName":"group"},{"_typeName":"Group","id":"ck66jsqz7cakj09018esak3v2","fieldName":"meetings"}],[{"_typeName":"Meeting","id":"ck66jsqz9cakm0901bvexm4uc","fieldName":"group"},{"_typeName":"Group","id":"ck66jsqz7cakj09018esak3v2","fieldName":"meetings"}],[{"_typeName":"Meeting","id":"ck66jsqzbcakp0901zjnjaa3p","fieldName":"group"},{"_typeName":"Group","id":"ck66jsqzacakn09011mh7e07q","fieldName":"meetings"}],[{"_typeName":"Meeting","id":"ck66jsqzccakq0901lpemkop0","fieldName":"group"},{"_typeName":"Group","id":"ck66jsqzacakn09011mh7e07q","fieldName":"meetings"}],[{"_typeName":"Meeting","id":"ck66jsqzccakr0901m66i49r3","fieldName":"group"},{"_typeName":"Group","id":"ck66jsqzacakn09011mh7e07q","fieldName":"meetings"}],[{"_typeName":"Meeting","id":"ck66jsqzecaku0901kxdao38w","fieldName":"group"},{"_typeName":"Group","id":"ck66jsqzdcaks0901b6ihgn1i","fieldName":"meetings"}],[{"_typeName":"Meeting","id":"ck66jsqzgcakx0901g3mtyhoz","fieldName":"group"},{"_typeName":"Group","id":"ck66jsqzfcakv0901xsgqd9ax","fieldName":"meetings"}],[{"_typeName":"Meeting","id":"ck66jsqzhcaky090189r6sfai","fieldName":"group"},{"_typeName":"Group","id":"ck66jsqzfcakv0901xsgqd9ax","fieldName":"meetings"}],[{"_typeName":"Meeting","id":"ck66jsqzjcal109011zbkrl4k","fieldName":"group"},{"_typeName":"Group","id":"ck66jsqzhcakz090163cq1kvi","fieldName":"meetings"}],[{"_typeName":"Meeting","id":"ck66jsqzjcal20901vakbvxlq","fieldName":"group"},{"_typeName":"Group","id":"ck66jsqzhcakz090163cq1kvi","fieldName":"meetings"}],[{"_typeName":"Meeting","id":"ck66jsqzlcal50901dsbq70ei","fieldName":"group"},{"_typeName":"Group","id":"ck66jsqzkcal30901jp6t9fvq","fieldName":"meetings"}],[{"_typeName":"Meeting","id":"ck66jsqzmcal60901frf562gy","fieldName":"group"},{"_typeName":"Group","id":"ck66jsqzkcal30901jp6t9fvq","fieldName":"meetings"}],[{"_typeName":"Meeting","id":"ck66jsqzmcal70901q99dyq5a","fieldName":"group"},{"_typeName":"Group","id":"ck66jsqzkcal30901jp6t9fvq","fieldName":"meetings"}],[{"_typeName":"Meeting","id":"ck66jsqzocala090199mw7ylc","fieldName":"group"},{"_typeName":"Group","id":"ck66jsqzncal8090135sw8inv","fieldName":"meetings"}],[{"_typeName":"Meeting","id":"ck66jsqzpcalb0901nezg40z1","fieldName":"group"},{"_typeName":"Group","id":"ck66jsqzncal8090135sw8inv","fieldName":"meetings"}],[{"_typeName":"Meeting","id":"ck66jsqztcalg09010jsvgetg","fieldName":"group"},{"_typeName":"Group","id":"ck66jsqzrcale0901uw2tw9nx","fieldName":"meetings"}],[{"_typeName":"Meeting","id":"ck66jsqztcalh0901xfm1wt3c","fieldName":"group"},{"_typeName":"Group","id":"ck66jsqzrcale0901uw2tw9nx","fieldName":"meetings"}],[{"_typeName":"Meeting","id":"ck66jsqzvcalk0901a2lwsiqt","fieldName":"group"},{"_typeName":"Group","id":"ck66jsqzucali0901nqnl1cyf","fieldName":"meetings"}],[{"_typeName":"Meeting","id":"ck66jsqzwcall09015baz4nyq","fieldName":"group"},{"_typeName":"Group","id":"ck66jsqzucali0901nqnl1cyf","fieldName":"meetings"}],[{"_typeName":"Meeting","id":"ck66jsqzzcalo09014502jfw5","fieldName":"group"},{"_typeName":"Group","id":"ck66jsqzxcalm0901k77vds7a","fieldName":"meetings"}],[{"_typeName":"Meeting","id":"ck66jsqzzcalp0901uoyfd0s7","fieldName":"group"},{"_typeName":"Group","id":"ck66jsqzxcalm0901k77vds7a","fieldName":"meetings"}],[{"_typeName":"Meeting","id":"ck66jsr02cals0901exohfcs1","fieldName":"group"},{"_typeName":"Group","id":"ck66jsr00calq0901qppr7z46","fieldName":"meetings"}],[{"_typeName":"Meeting","id":"ck66jsr02calt0901u57m33c0","fieldName":"group"},{"_typeName":"Group","id":"ck66jsr00calq0901qppr7z46","fieldName":"meetings"}],[{"_typeName":"Meeting","id":"ck66jsr03calu09017xdvn5ty","fieldName":"group"},{"_typeName":"Group","id":"ck66jsr00calq0901qppr7z46","fieldName":"meetings"}],[{"_typeName":"Meeting","id":"ck66jsr05calx090159othw44","fieldName":"group"},{"_typeName":"Group","id":"ck66jsr03calv0901nuli9klb","fieldName":"meetings"}],[{"_typeName":"Meeting","id":"ck66jsr06caly0901z0trgelt","fieldName":"group"},{"_typeName":"Group","id":"ck66jsr03calv0901nuli9klb","fieldName":"meetings"}],[{"_typeName":"Meeting","id":"ck66jsr08cam10901kmns8oe2","fieldName":"group"},{"_typeName":"Group","id":"ck66jsr06calz0901oprvv5bw","fieldName":"meetings"}],[{"_typeName":"Meeting","id":"ck66jsr0acam40901zvdj8ixs","fieldName":"group"},{"_typeName":"Group","id":"ck66jsr09cam20901o2qe3r26","fieldName":"meetings"}],[{"_typeName":"Meeting","id":"ck66jsr0ccam70901an0hzijj","fieldName":"group"},{"_typeName":"Group","id":"ck66jsr0bcam50901dlw7j8o2","fieldName":"meetings"}],[{"_typeName":"Meeting","id":"ck66jsr0dcam809019etdpiuf","fieldName":"group"},{"_typeName":"Group","id":"ck66jsr0bcam50901dlw7j8o2","fieldName":"meetings"}],[{"_typeName":"Meeting","id":"ck66jsr0dcam90901yrh56qw7","fieldName":"group"},{"_typeName":"Group","id":"ck66jsr0bcam50901dlw7j8o2","fieldName":"meetings"}],[{"_typeName":"Meeting","id":"ck66jsr0fcamc0901zfzxm5yj","fieldName":"group"},{"_typeName":"Group","id":"ck66jsr0ecama0901cow0c1au","fieldName":"meetings"}],[{"_typeName":"Meeting","id":"ck66jsr0hcamf0901ydd2iv8j","fieldName":"group"},{"_typeName":"Group","id":"ck66jsr0gcamd0901i9eqatpc","fieldName":"meetings"}],[{"_typeName":"Meeting","id":"ck66jsr0icamg0901r9acq9y6","fieldName":"group"},{"_typeName":"Group","id":"ck66jsr0gcamd0901i9eqatpc","fieldName":"meetings"}],[{"_typeName":"Meeting","id":"ck66jsr0kcamj09019qdxroeh","fieldName":"group"},{"_typeName":"Group","id":"ck66jsr0icamh0901qytfnm10","fieldName":"meetings"}],[{"_typeName":"Meeting","id":"ck66jsr0kcamk0901gjx1neiq","fieldName":"group"},{"_typeName":"Group","id":"ck66jsr0icamh0901qytfnm10","fieldName":"meetings"}],[{"_typeName":"Meeting","id":"ck66jsr0lcaml0901hrk32gcy","fieldName":"group"},{"_typeName":"Group","id":"ck66jsr0icamh0901qytfnm10","fieldName":"meetings"}],[{"_typeName":"Meeting","id":"ck66jsr0ncamo0901dilra3tn","fieldName":"group"},{"_typeName":"Group","id":"ck66jsr0lcamm0901ajxe31wl","fieldName":"meetings"}],[{"_typeName":"Meeting","id":"ck66jsr0ocamp0901hp277z0i","fieldName":"group"},{"_typeName":"Group","id":"ck66jsr0lcamm0901ajxe31wl","fieldName":"meetings"}],[{"_typeName":"Meeting","id":"ck66jsr0ocamq09018rw0ymmb","fieldName":"group"},{"_typeName":"Group","id":"ck66jsr0lcamm0901ajxe31wl","fieldName":"meetings"}],[{"_typeName":"Meeting","id":"ck66jsr0qcamt0901qh76r6o7","fieldName":"group"},{"_typeName":"Group","id":"ck66jsr0pcamr09019hplefsm","fieldName":"meetings"}],[{"_typeName":"Meeting","id":"ck66jsr0scamw0901ytlykexq","fieldName":"group"},{"_typeName":"Group","id":"ck66jsr0rcamu0901kplmzhxb","fieldName":"meetings"}],[{"_typeName":"Meeting","id":"ck66jsr0tcamx0901e00cmejc","fieldName":"group"},{"_typeName":"Group","id":"ck66jsr0rcamu0901kplmzhxb","fieldName":"meetings"}],[{"_typeName":"Meeting","id":"ck66jsr0vcan2090158ewgcmn","fieldName":"group"},{"_typeName":"Group","id":"ck66jsr0ucamy0901zuizr7sx","fieldName":"meetings"}],[{"_typeName":"Meeting","id":"ck66jsr0wcan30901yc70l2zw","fieldName":"group"},{"_typeName":"Group","id":"ck66jsr0ucamy0901zuizr7sx","fieldName":"meetings"}],[{"_typeName":"Meeting","id":"ck66jsr13can609018kh8217d","fieldName":"group"},{"_typeName":"Group","id":"ck66jsr0wcan40901aw1y71dm","fieldName":"meetings"}],[{"_typeName":"Meeting","id":"ck66jsr14can70901j5p0e0kg","fieldName":"group"},{"_typeName":"Group","id":"ck66jsr0wcan40901aw1y71dm","fieldName":"meetings"}],[{"_typeName":"Meeting","id":"ck66jsr14can809010hd4i38s","fieldName":"group"},{"_typeName":"Group","id":"ck66jsr0wcan40901aw1y71dm","fieldName":"meetings"}],[{"_typeName":"Meeting","id":"ck66jsr16canb09016fr4lodk","fieldName":"group"},{"_typeName":"Group","id":"ck66jsr15can909018qiej4pe","fieldName":"meetings"}],[{"_typeName":"Meeting","id":"ck66jsr18cane0901keo0ishc","fieldName":"group"},{"_typeName":"Group","id":"ck66jsr17canc0901sbg66yd0","fieldName":"meetings"}],[{"_typeName":"Meeting","id":"ck66jsr1acanf0901z6g79ifd","fieldName":"group"},{"_typeName":"Group","id":"ck66jsr17canc0901sbg66yd0","fieldName":"meetings"}],[{"_typeName":"Meeting","id":"ck66jsr1ccani0901t4tslv3n","fieldName":"group"},{"_typeName":"Group","id":"ck66jsr1acang0901ilcq8opd","fieldName":"meetings"}],[{"_typeName":"Meeting","id":"ck66jsr1ccanj0901aw73uuoe","fieldName":"group"},{"_typeName":"Group","id":"ck66jsr1acang0901ilcq8opd","fieldName":"meetings"}],[{"_typeName":"Meeting","id":"ck66jsr1ccank0901g38cbtjv","fieldName":"group"},{"_typeName":"Group","id":"ck66jsr1acang0901ilcq8opd","fieldName":"meetings"}],[{"_typeName":"Meeting","id":"ck66jsr1dcanl0901c9f4jbrt","fieldName":"group"},{"_typeName":"Group","id":"ck66jsr1acang0901ilcq8opd","fieldName":"meetings"}],[{"_typeName":"Meeting","id":"ck66jsr1fcano0901b1tsozyx","fieldName":"group"},{"_typeName":"Group","id":"ck66jsr1ecanm0901os8ts966","fieldName":"meetings"}],[{"_typeName":"Meeting","id":"ck66jsr1gcanp0901529wddy3","fieldName":"group"},{"_typeName":"Group","id":"ck66jsr1ecanm0901os8ts966","fieldName":"meetings"}],[{"_typeName":"Meeting","id":"ck66jsr1icans0901os8d8c77","fieldName":"group"},{"_typeName":"Group","id":"ck66jsr1gcanq0901e4dfg210","fieldName":"meetings"}],[{"_typeName":"Meeting","id":"ck66jsr1icant0901qa7lfkvy","fieldName":"group"},{"_typeName":"Group","id":"ck66jsr1gcanq0901e4dfg210","fieldName":"meetings"}],[{"_typeName":"Meeting","id":"ck66jsr1jcanu09014rnenviy","fieldName":"group"},{"_typeName":"Group","id":"ck66jsr1gcanq0901e4dfg210","fieldName":"meetings"}],[{"_typeName":"Meeting","id":"ck66jsr1lcanx0901nefwsm6v","fieldName":"group"},{"_typeName":"Group","id":"ck66jsr1kcanv0901xfd2p25g","fieldName":"meetings"}],[{"_typeName":"Meeting","id":"ck66jsr1mcany0901al207hmo","fieldName":"group"},{"_typeName":"Group","id":"ck66jsr1kcanv0901xfd2p25g","fieldName":"meetings"}],[{"_typeName":"Meeting","id":"ck66jsr1ncanz09018qr56nfc","fieldName":"group"},{"_typeName":"Group","id":"ck66jsr1kcanv0901xfd2p25g","fieldName":"meetings"}],[{"_typeName":"Meeting","id":"ck66jsr1qcao20901uyyyar5w","fieldName":"group"},{"_typeName":"Group","id":"ck66jsr1ocao00901bhgztg38","fieldName":"meetings"}],[{"_typeName":"Meeting","id":"ck66jsr1qcao30901z8hxuj7x","fieldName":"group"},{"_typeName":"Group","id":"ck66jsr1ocao00901bhgztg38","fieldName":"meetings"}],[{"_typeName":"Meeting","id":"ck66jsr1rcao409014m141pht","fieldName":"group"},{"_typeName":"Group","id":"ck66jsr1ocao00901bhgztg38","fieldName":"meetings"}],[{"_typeName":"Meeting","id":"ck66jsr1tcao70901qxjycf1a","fieldName":"group"},{"_typeName":"Group","id":"ck66jsr1scao50901i5co68kj","fieldName":"meetings"}],[{"_typeName":"Meeting","id":"ck66jsr1ucao80901ce93icar","fieldName":"group"},{"_typeName":"Group","id":"ck66jsr1scao50901i5co68kj","fieldName":"meetings"}],[{"_typeName":"Meeting","id":"ck66jsr1wcaob0901xohmfj3g","fieldName":"group"},{"_typeName":"Group","id":"ck66jsr1ucao90901wftf6tui","fieldName":"meetings"}],[{"_typeName":"Meeting","id":"ck66jsr1ycaoe0901ioc41s1m","fieldName":"group"},{"_typeName":"Group","id":"ck66jsr1wcaoc0901c1lj9axd","fieldName":"meetings"}],[{"_typeName":"Meeting","id":"ck66jsr20caoh0901lcd04zm1","fieldName":"group"},{"_typeName":"Group","id":"ck66jsr1zcaof0901aqfbmme5","fieldName":"meetings"}],[{"_typeName":"Meeting","id":"ck66jsr21caoi090131ccc06d","fieldName":"group"},{"_typeName":"Group","id":"ck66jsr1zcaof0901aqfbmme5","fieldName":"meetings"}],[{"_typeName":"Meeting","id":"ck66jsr22caoj09014k4g5svl","fieldName":"group"},{"_typeName":"Group","id":"ck66jsr1zcaof0901aqfbmme5","fieldName":"meetings"}],[{"_typeName":"Meeting","id":"ck66jsr25caom09010pcsi5ux","fieldName":"group"},{"_typeName":"Group","id":"ck66jsr23caok0901xm5bh7nl","fieldName":"meetings"}],[{"_typeName":"Meeting","id":"ck66jsr28caop0901vik6d52q","fieldName":"group"},{"_typeName":"Group","id":"ck66jsr26caon0901ky0dkf3p","fieldName":"meetings"}],[{"_typeName":"Meeting","id":"ck66jsr2bcaos0901csoq8wwd","fieldName":"group"},{"_typeName":"Group","id":"ck66jsr29caoq0901nshhu2ul","fieldName":"meetings"}],[{"_typeName":"Meeting","id":"ck66jsr2dcaov0901rllefqha","fieldName":"group"},{"_typeName":"Group","id":"ck66jsr2bcaot0901xm864j5f","fieldName":"meetings"}],[{"_typeName":"Meeting","id":"ck66jsr2dcaow09011s0y57qc","fieldName":"group"},{"_typeName":"Group","id":"ck66jsr2bcaot0901xm864j5f","fieldName":"meetings"}],[{"_typeName":"Meeting","id":"ck66jsr2gcaoz0901nw42zv1x","fieldName":"group"},{"_typeName":"Group","id":"ck66jsr2ecaox0901bvno4e8n","fieldName":"meetings"}],[{"_typeName":"Meeting","id":"ck66jsr2gcap009015v70am3u","fieldName":"group"},{"_typeName":"Group","id":"ck66jsr2ecaox0901bvno4e8n","fieldName":"meetings"}],[{"_typeName":"Meeting","id":"ck66jsr2hcap109012f9j9kas","fieldName":"group"},{"_typeName":"Group","id":"ck66jsr2ecaox0901bvno4e8n","fieldName":"meetings"}],[{"_typeName":"Meeting","id":"ck66jsr2hcap20901aw71jwj1","fieldName":"group"},{"_typeName":"Group","id":"ck66jsr2ecaox0901bvno4e8n","fieldName":"meetings"}],[{"_typeName":"Meeting","id":"ck66jsr2icap30901qe3sbkn5","fieldName":"group"},{"_typeName":"Group","id":"ck66jsr2ecaox0901bvno4e8n","fieldName":"meetings"}],[{"_typeName":"Meeting","id":"ck66jsr2jcap40901ksqf9hyw","fieldName":"group"},{"_typeName":"Group","id":"ck66jsr2ecaox0901bvno4e8n","fieldName":"meetings"}],[{"_typeName":"Meeting","id":"ck66jsr2mcap50901lzisqvhz","fieldName":"group"},{"_typeName":"Group","id":"ck66jsr2ecaox0901bvno4e8n","fieldName":"meetings"}],[{"_typeName":"Meeting","id":"ck66jsr2rcap80901qxmnaqv8","fieldName":"group"},{"_typeName":"Group","id":"ck66jsr2ocap609014wlb85fw","fieldName":"meetings"}],[{"_typeName":"Meeting","id":"ck66jsr2rcap909010a6yclap","fieldName":"group"},{"_typeName":"Group","id":"ck66jsr2ocap609014wlb85fw","fieldName":"meetings"}],[{"_typeName":"Meeting","id":"ck66jsr2tcapc09016j6124sr","fieldName":"group"},{"_typeName":"Group","id":"ck66jsr2rcapa09017jz3qmfp","fieldName":"meetings"}],[{"_typeName":"Meeting","id":"ck66jsr2ucapd090152aeq203","fieldName":"group"},{"_typeName":"Group","id":"ck66jsr2rcapa09017jz3qmfp","fieldName":"meetings"}],[{"_typeName":"Meeting","id":"ck66jsr2wcapg0901jo8s7anb","fieldName":"group"},{"_typeName":"Group","id":"ck66jsr2ucape09010chf5zzm","fieldName":"meetings"}],[{"_typeName":"Meeting","id":"ck66jsr2zcapj0901p3zut434","fieldName":"group"},{"_typeName":"Group","id":"ck66jsr2xcaph09013fjzda4g","fieldName":"meetings"}],[{"_typeName":"Meeting","id":"ck66jsr2zcapk0901u5y4ioiw","fieldName":"group"},{"_typeName":"Group","id":"ck66jsr2xcaph09013fjzda4g","fieldName":"meetings"}],[{"_typeName":"Meeting","id":"ck66jsr31capn0901xnm3knnh","fieldName":"group"},{"_typeName":"Group","id":"ck66jsr30capl0901w0b8d6tv","fieldName":"meetings"}],[{"_typeName":"Meeting","id":"ck66jsr32capo09019r80kybq","fieldName":"group"},{"_typeName":"Group","id":"ck66jsr30capl0901w0b8d6tv","fieldName":"meetings"}],[{"_typeName":"Meeting","id":"ck66jsr34capr0901issl12v8","fieldName":"group"},{"_typeName":"Group","id":"ck66jsr32capp09011igc46ts","fieldName":"meetings"}],[{"_typeName":"Meeting","id":"ck66jsr35caps0901tzfi4atd","fieldName":"group"},{"_typeName":"Group","id":"ck66jsr32capp09011igc46ts","fieldName":"meetings"}],[{"_typeName":"Meeting","id":"ck66jsr37capv09014ensx7pm","fieldName":"group"},{"_typeName":"Group","id":"ck66jsr36capt0901qcfalsz1","fieldName":"meetings"}],[{"_typeName":"Meeting","id":"ck66jsr3acapy0901ehudrmhw","fieldName":"group"},{"_typeName":"Group","id":"ck66jsr38capw0901nzmbk3jv","fieldName":"meetings"}],[{"_typeName":"Meeting","id":"ck66jsr3ccaq10901w4irea57","fieldName":"group"},{"_typeName":"Group","id":"ck66jsr3acapz0901g5jjjrba","fieldName":"meetings"}],[{"_typeName":"Meeting","id":"ck66jsr3dcaq2090196g4o97r","fieldName":"group"},{"_typeName":"Group","id":"ck66jsr3acapz0901g5jjjrba","fieldName":"meetings"}],[{"_typeName":"Meeting","id":"ck66jsr3dcaq30901fp6qp5vm","fieldName":"group"},{"_typeName":"Group","id":"ck66jsr3acapz0901g5jjjrba","fieldName":"meetings"}],[{"_typeName":"Meeting","id":"ck66jsr3dcaq40901a5mbrlwp","fieldName":"group"},{"_typeName":"Group","id":"ck66jsr3acapz0901g5jjjrba","fieldName":"meetings"}],[{"_typeName":"Meeting","id":"ck66jsr3gcaq70901f9ad1eg1","fieldName":"group"},{"_typeName":"Group","id":"ck66jsr3ecaq5090132wzk5ld","fieldName":"meetings"}],[{"_typeName":"Meeting","id":"ck66jsr3hcaq80901hzj061yv","fieldName":"group"},{"_typeName":"Group","id":"ck66jsr3ecaq5090132wzk5ld","fieldName":"meetings"}],[{"_typeName":"Meeting","id":"ck66jsr3jcaqb0901pn582ts7","fieldName":"group"},{"_typeName":"Group","id":"ck66jsr3hcaq90901ysfw8idn","fieldName":"meetings"}],[{"_typeName":"Meeting","id":"ck66jsr3kcaqc0901rk3qvhw6","fieldName":"group"},{"_typeName":"Group","id":"ck66jsr3hcaq90901ysfw8idn","fieldName":"meetings"}],[{"_typeName":"Meeting","id":"ck66jsr3lcaqd0901x8u4qrpl","fieldName":"group"},{"_typeName":"Group","id":"ck66jsr3hcaq90901ysfw8idn","fieldName":"meetings"}],[{"_typeName":"Meeting","id":"ck66jsr3ocaqg0901oxhzofee","fieldName":"group"},{"_typeName":"Group","id":"ck66jsr3mcaqe0901xdexj9wj","fieldName":"meetings"}],[{"_typeName":"Meeting","id":"ck66jsr3pcaqh09010z6damgq","fieldName":"group"},{"_typeName":"Group","id":"ck66jsr3mcaqe0901xdexj9wj","fieldName":"meetings"}],[{"_typeName":"Meeting","id":"ck66jsr3tcaqk090169j55dpm","fieldName":"group"},{"_typeName":"Group","id":"ck66jsr3qcaqi090101ieayqs","fieldName":"meetings"}],[{"_typeName":"Meeting","id":"ck66jsr3vcaqn0901b03yc9uv","fieldName":"group"},{"_typeName":"Group","id":"ck66jsr3tcaql0901xtetionu","fieldName":"meetings"}],[{"_typeName":"Meeting","id":"ck66jsr3vcaqo0901ikni7s49","fieldName":"group"},{"_typeName":"Group","id":"ck66jsr3tcaql0901xtetionu","fieldName":"meetings"}],[{"_typeName":"Meeting","id":"ck66jsr3wcaqp0901badnnt6f","fieldName":"group"},{"_typeName":"Group","id":"ck66jsr3tcaql0901xtetionu","fieldName":"meetings"}],[{"_typeName":"Meeting","id":"ck66jsr3ycaqs0901t24ykrvk","fieldName":"group"},{"_typeName":"Group","id":"ck66jsr3wcaqq0901yvhyu4kd","fieldName":"meetings"}],[{"_typeName":"Meeting","id":"ck66jsr3ycaqt0901o73q8szz","fieldName":"group"},{"_typeName":"Group","id":"ck66jsr3wcaqq0901yvhyu4kd","fieldName":"meetings"}],[{"_typeName":"Meeting","id":"ck66jsr3ycaqu090184jva62n","fieldName":"group"},{"_typeName":"Group","id":"ck66jsr3wcaqq0901yvhyu4kd","fieldName":"meetings"}],[{"_typeName":"Meeting","id":"ck66jsr3zcaqv0901uzb45ccg","fieldName":"group"},{"_typeName":"Group","id":"ck66jsr3wcaqq0901yvhyu4kd","fieldName":"meetings"}],[{"_typeName":"Meeting","id":"ck66jsr40caqw0901yda1nhrs","fieldName":"group"},{"_typeName":"Group","id":"ck66jsr3wcaqq0901yvhyu4kd","fieldName":"meetings"}],[{"_typeName":"Meeting","id":"ck66jsr41caqx0901006y77bz","fieldName":"group"},{"_typeName":"Group","id":"ck66jsr3wcaqq0901yvhyu4kd","fieldName":"meetings"}]]}